"Production Company","Qualified CT Expenditures","Date Issued","Amount of Tax Credit Issued","Program Name","Statutory Reference","Municipality"
,,,,,,
"Orange Lion Productions, LLC","$175,772.00","2007-08-10T00:00:00.000","$52,732","Film and Digital Media Production Tax Credit","CGS 12-217jj","Fairfield"
"In Bloom, LLC","$11,679,687.00","2007-08-13T00:00:00.000","$3,503,906","Film and Digital Media Production Tax Credit","CGS 12-217jj","Stamford"
"Reservation Road Productions","$10,983,022.00","2007-09-17T00:00:00.000","$3,294,906.6","Film and Digital Media Production Tax Credit","CGS 12-217jj","Stamford"
"Visual Concepts Media, Inc.","$64,419.00","2007-09-17T00:00:00.000","$19,325.7","Film and Digital Media Production Tax Credit","CGS 12-217jj","Southington"
"Visual Concepts Media, Inc.","$74,508.00","2007-09-17T00:00:00.000","$22,352.4","Film and Digital Media Production Tax Credit","CGS 12-217jj","Southington"
"Boardroom, Inc.","$377,598.00","2007-10-18T00:00:00.000","$113,279.4","Film and Digital Media Production Tax Credit","CGS 12-217jj","Norwalk"
"Bronx Productions, Inc","$20,809,016.00","2007-11-01T00:00:00.000","$6,242,704.8","Film and Digital Media Production Tax Credit","CGS 12-217jj","Waterford"
"Marker Productions, LLC","$9,151,596.00","2007-11-19T00:00:00.000","$2,745,478.8","Film and Digital Media Production Tax Credit","CGS 12-217jj","Stamford"
"Modern Home Movie LLC","$182,102.00","2007-11-19T00:00:00.000","$54,630.6","Film and Digital Media Production Tax Credit","CGS 12-217jj","Newtown"
"Docere Palace Studios LLC","$407,612.00","2007-12-03T00:00:00.000","$122,283.6","Film and Digital Media Production Tax Credit","CGS 12-217jj","Norwalk"
"Televersemedia LLC","$186,474.00","2007-12-03T00:00:00.000","$55,942.19","Film and Digital Media Production Tax Credit","CGS 12-217jj","Stamford"
"Laws of Motion, LLC","$2,618,390.00","2007-12-19T00:00:00.000","$785,517.11","Film and Digital Media Production Tax Credit","CGS 12-217jj","Norwalk"
"Televersemedia LLC","$208,437.00","2007-12-19T00:00:00.000","$62,437.3","Film and Digital Media Production Tax Credit","CGS 12-217jj","Stamford"
"Accidental Husband Intermediary Inc.","$1,524,932.00","2007-12-21T00:00:00.000","$457,479.6","Film and Digital Media Production Tax Credit","CGS 12-217jj","Greenwich"
"Forever in Blue, LLC","$16,950,270.00","2007-12-21T00:00:00.000","$5,085,216","Film and Digital Media Production Tax Credit","CGS 12-217jj","Stamford"
"WJH Productions, LLC","$11,923,406.00","2008-01-30T00:00:00.000","$3,577,021.8","Film and Digital Media Production Tax Credit","CGS 12-217jj","Stamford"
"Ruminate Productions, LLC","$10,377,909.00","2008-03-03T00:00:00.000","$3,113,372.7","Film and Digital Media Production Tax Credit","CGS 12-217jj","Norwalk"
"Connecticut Film Center LLC","$1,683,073.00","2008-04-15T00:00:00.000","$504,921.9","Film and Digital Media Production Tax Credit","CGS 12-217jj","Stamford"
"Double Dutch Bus Productions, Inc.","$34,106,109.00","2008-04-24T00:00:00.000","$10,231,832.7","Film and Digital Media Production Tax Credit","CGS 12-217jj","Stamford"
"Made For Each Other, LLC","$698,660.00","2008-05-09T00:00:00.000","$209,598","Film and Digital Media Production Tax Credit","CGS 12-217jj","Milford"
"Roger Wilco Productions","$375,269.00","2008-05-13T00:00:00.000","$112,580","Film and Digital Media Production Tax Credit","CGS 12-217jj","New Canaan"
"Six Wives, LLC","$6,943,677.00","2008-05-13T00:00:00.000","$2,083,103.1","Film and Digital Media Production Tax Credit","CGS 12-217jj","Stamford"
"The Other Side of the Tracks, LLC","$183,336.00","2008-06-06T00:00:00.000","$55,000.8","Film and Digital Media Production Tax Credit","CGS 12-217jj","New Haven"
"Old Dogs Productions, Inc.","$36,758,256.00","2008-07-01T00:00:00.000","$11,027,476.8","Film and Digital Media Production Tax Credit","CGS 12-217jj","Stamford"
"Triple Threat Connecticut, LLC","$1,892,995.00","2008-08-20T00:00:00.000","$567,898.5","Film and Digital Media Production Tax Credit","CGS 12-217jj","Stamford"
"Righteous Kill Productions, Inc.","$41,713,515.00","2008-08-24T00:00:00.000","$12,514,054.5","Film and Digital Media Production Tax Credit","CGS 12-217jj","Stratford"
"TVK LLC","$1,269,481.00","2008-08-28T00:00:00.000","$380,844.3","Film and Digital Media Production Tax Credit","CGS 12-217jj","Norfolk"
"EF Productions, Inc.","$21,618,099.00","2008-09-24T00:00:00.000","$6,485,429.7","Film and Digital Media Production Tax Credit","CGS 12-217jj","Stamford"
"CTTV, LLC","$570,603.00","2008-10-06T00:00:00.000","$171,180.9","Film and Digital Media Production Tax Credit","CGS 12-217jj","Norwalk"
"Pippa Lee, LLC","$7,153,604.00","2008-10-06T00:00:00.000","$2,146,081.2","Film and Digital Media Production Tax Credit","CGS 12-217jj","Danbury"
"Televersemedia LLC","$211,989.00","2008-10-06T00:00:00.000","$63,596.7","Film and Digital Media Production Tax Credit","CGS 12-217jj","Stamford"
"Televersemedia LLC","$135,790.00","2008-10-06T00:00:00.000","$40,738.5","Film and Digital Media Production Tax Credit","CGS 12-217jj","Stamford"
"Televersemedia, LLC","$61,707.00","2008-10-06T00:00:00.000","$18,512.4","Film and Digital Media Production Tax Credit","CGS 12-217jj","Stamford"
"DWNY Productions, Inc.","$25,691,598.00","2008-10-07T00:00:00.000","$7,707,479.4","Film and Digital Media Production Tax Credit","CGS 12-217jj","Norwalk"
"Sniscak Productions, Inc.","$11,472,054.00","2008-10-10T00:00:00.000","$3,441,616.2","Film and Digital Media Production Tax Credit","CGS 12-217jj","Stamford"
"Genre Connecticut Productions LLC","$13,526,941.00","2008-10-22T00:00:00.000","$4,058,082.3","Film and Digital Media Production Tax Credit","CGS 12-217jj","New Haven"
"Camp Hope Productions LLC","$2,965,067.00","2008-11-07T00:00:00.000","$889,520.1","Film and Digital Media Production Tax Credit","CGS 12-217jj","Stamford"
"Universal City Studios LLP","$560,771.00","2008-11-10T00:00:00.000","$168,239.4","Film and Digital Media Production Tax Credit","CGS 12-217jj","Greenwich"
"DWNY Productions, Inc.","$693,398.00","2008-11-12T00:00:00.000","$208,019.4","Film and Digital Media Production Tax Credit","CGS 12-217jj","Stamford"
"Lucky Cricket Productions, LLC","$19,940,224.00","2008-12-12T00:00:00.000","$5,982,067.2","Film and Digital Media Production Tax Credit","CGS 12-217jj","Stamford"
"Friends with Benefits LP","$126,275.00","2008-12-22T00:00:00.000","$37,882.5","Film and Digital Media Production Tax Credit","CGS 12-217jj","Hamden"
"TJ Productions, LLC","$13,158,771.00","2008-12-24T00:00:00.000","$3,947,631.3","Film and Digital Media Production Tax Credit","CGS 12-217jj","Stamford"
"Harvest Films LLC","$434,450.00","2008-12-30T00:00:00.000","$130,335","Film and Digital Media Production Tax Credit","CGS 12-217jj","Madison"
"Independent Media, Inc.","$88,463.00","2009-01-05T00:00:00.000","$26,538.9","Film and Digital Media Production Tax Credit","CGS 12-217jj","Hartford"
"Venan Entertainment, Inc.","$1,025,040.00","2009-01-13T00:00:00.000","$307,512","Film and Digital Media Production Tax Credit","CGS 12-217jj","Cromwell"
"AGT Productions, LLC","$15,146,210.00","2009-01-22T00:00:00.000","$4,543,863","Film and Digital Media Production Tax Credit","CGS 12-217jj","Stamford"
"Green Scarf Productions, Inc.","$24,656,588.00","2009-02-03T00:00:00.000","$7,396,976","Film and Digital Media Production Tax Credit","CGS 12-217jj","Stamford"
"Captured Time Productions, LLC","$328,730.00","2009-02-10T00:00:00.000","$98,619","Film and Digital Media Production Tax Credit","CGS 12-217jj","Litchfield"
"Televersemedia LLC","$151,910.00","2009-02-20T00:00:00.000","$45,573","Film and Digital Media Production Tax Credit","CGS 12-217jj","Stamford"
"Televersemedia LLC","$542,122.00","2009-02-20T00:00:00.000","$162,636","Film and Digital Media Production Tax Credit","CGS 12-217jj","Stamford"
"Rabbit Ears Entertainment, LLC","$243,464.00","2009-02-24T00:00:00.000","$73,039","Film and Digital Media Production Tax Credit","CGS 12-217jj","Norwalk"
"Young American Heroes, LLC","$1,027,764.00","2009-02-24T00:00:00.000","$308,329","Film and Digital Media Production Tax Credit","CGS 12-217jj","Norwalk"
"Triple Threat Connecticut, LLC","$1,856,033.00","2009-02-27T00:00:00.000","$556,809","Film and Digital Media Production Tax Credit","CGS 12-217jj","Stamford"
"Venan Entertainment, Inc.","$442,540.00","2009-03-03T00:00:00.000","$132,762","Film and Digital Media Production Tax Credit","CGS 12-217jj","Cromwell"
"NBC Olympics, Inc.","$326,671.00","2009-03-11T00:00:00.000","$98,001","Film and Digital Media Production Tax Credit","CGS 12-217jj","Stamford"
"NBC Sports Ventures Inc.","$1,182,923.00","2009-03-16T00:00:00.000","$354,876","Film and Digital Media Production Tax Credit","CGS 12-217jj","Stamford"
"Soul Films, LLC","$240,780.00","2009-03-26T00:00:00.000","$72,234","Film and Digital Media Production Tax Credit","CGS 12-217jj","Stamford"
"PHC Productions, LLC","$1,204,821.00","2009-04-08T00:00:00.000","$361,446.3","Film and Digital Media Production Tax Credit","CGS 12-217jj","New Haven"
"DS Production, LLC","$1,021,588.00","2009-05-01T00:00:00.000","$306,476.4","Film and Digital Media Production Tax Credit","CGS 12-217jj","Torrington"
"Listen To Your Heart, LP","$603,062.00","2009-05-01T00:00:00.000","$180,918.6","Film and Digital Media Production Tax Credit","CGS 12-217jj","Greenwich"
"Fog Warning, LLC","$118,313.00","2009-05-18T00:00:00.000","$35,493.9","Film and Digital Media Production Tax Credit","CGS 12-217jj","Stamford"
"Cormacks Productions","$503,594.00","2009-06-05T00:00:00.000","$151,078.2","Film and Digital Media Production Tax Credit","CGS 12-217jj","Hartford"
"Blue Sky Studios, Inc.","$17,940,989.00","2009-06-08T00:00:00.000","$3,588,197.8","Film Infrastructure Tax Credit","CGS 12-217kk","Greenwich"
"Chicken Soup for the Soul Entertainment, Inc.","$1,537,231.00","2017-07-18T00:00:00.000","$461,169","Film and Digital Media Production Tax Credit","CGS 12-217jj","Greenwich"
"Streamline Content","$208,242.00","2009-06-25T00:00:00.000","$62,472.6","Film and Digital Media Production Tax Credit","CGS 12-217jj","New Haven"
"PM Films, LLC","$103,450.00","2009-07-10T00:00:00.000","$31,035","Film and Digital Media Production Tax Credit","CGS 12-217jj","Stamford"
"Reader Productions, Inc.","$115,800.00","2009-07-10T00:00:00.000","$34,740","Film and Digital Media Production Tax Credit","CGS 12-217jj","Stamford"
"World Wrestling Entertainment Inc.","$2,764,497.00","2009-07-21T00:00:00.000","$829,349.1","Film and Digital Media Production Tax Credit","CGS 12-217jj",
"WWE","$1,580,018.00","2009-07-21T00:00:00.000","$474,005.4","Film and Digital Media Production Tax Credit","CGS 12-217jj",
"World Wrestling Entertainment","$625,084.00","2009-07-21T00:00:00.000","$187,525.2","Film and Digital Media Production Tax Credit","CGS 12-217jj","Stamford"
"World Wrestling Entertainment Inc.","$2,513,943.00","2009-07-21T00:00:00.000","$754,182.9","Film and Digital Media Production Tax Credit","CGS 12-217jj","Stamford"
"World Wrestling Entertainment, Inc.","$1,870,211.00","2009-07-21T00:00:00.000","$561,063.3","Film and Digital Media Production Tax Credit","CGS 12-217jj","Stamford"
"Handmade TV, LLC","$51,691.00","2009-07-27T00:00:00.000","$15,507.3","Film and Digital Media Production Tax Credit","CGS 12-217jj","Norwalk"
"MRB Productions","$282,901.00","2009-08-10T00:00:00.000","$84,870.3","Film and Digital Media Production Tax Credit","CGS 12-217jj","Bristol"
"Venan Entertainment, Inc.","$508,804.00","2009-08-19T00:00:00.000","$152,641.2","Film and Digital Media Production Tax Credit","CGS 12-217jj","Cromwell"
"NBC Olympics, Inc.","$998,465.00","2009-09-11T00:00:00.000","$299,539.5","Film and Digital Media Production Tax Credit","CGS 12-217jj","Stamford"
"NBC Sports Ventures Inc.","$2,480,279.00","2009-09-11T00:00:00.000","$744,083.7","Film and Digital Media Production Tax Credit","CGS 12-217jj","Stamford"
"Blue Sky Studios, Inc.","$35,627,303.00","2009-09-23T00:00:00.000","$10,688,190.9","Digital Animation Production Company Tax Credit","CGS 12-217ll","Greenwich"
"Concentric Entertainment, LLC","$117,901.00","2009-09-25T00:00:00.000","$35,370.3","Film and Digital Media Production Tax Credit","CGS 12-217jj","Norwalk"
"VRP2018, LLC","$1,114,428.00","2019-09-26T00:00:00.000","$334,328","Film and Digital Media Production Tax Credit","CGS 12-217jj","Greenwich"
"Orange Lion Productions, LLC","$81,260.00","2009-11-02T00:00:00.000","$24,378","Film and Digital Media Production Tax Credit","CGS 12-217jj","Fairfield"
"Orange Lion Productions, LLC","$241,683.00","2009-11-02T00:00:00.000","$72,504.9","Film and Digital Media Production Tax Credit","CGS 12-217jj","Fairfield"
"Orange Lion Productions, LLC","$394,018.00","2009-11-02T00:00:00.000","$118,205.4","Film and Digital Media Production Tax Credit","CGS 12-217jj","Fairfield"
"LifeMed Media Inc.","$1,207,253.00","2009-12-03T00:00:00.000","$362,176","Film and Digital Media Production Tax Credit","CGS 12-217jj","Westport"
"World Wrestling Entertainment","$1,860,926.00","2009-12-07T00:00:00.000","$558,277.8","Film and Digital Media Production Tax Credit","CGS 12-217jj","Stamford"
"World Wrestling Entertainment Inc.","$4,848,049.00","2009-12-07T00:00:00.000","$1,454,414.7","Film and Digital Media Production Tax Credit","CGS 12-217jj","Stamford"
"World Wrestling Entertainment Inc.","$3,968,264.00","2009-12-07T00:00:00.000","$1,190,479.2","Film and Digital Media Production Tax Credit","CGS 12-217jj","Stamford"
"World Wrestling Entertainment Inc.","$396,603.00","2009-12-07T00:00:00.000","$118,980.9","Film and Digital Media Production Tax Credit","CGS 12-217jj","Stamford"
"World Wrestling Entertainment Inc.","$2,809,182.00","2009-12-07T00:00:00.000","$842,754.6","Film and Digital Media Production Tax Credit","CGS 12-217jj","Stamford"
"World Wrestling Entertainment Inc.","$361,216.00","2009-12-07T00:00:00.000","$108,364.8","Film and Digital Media Production Tax Credit","CGS 12-217jj","Stamford"
"World Wrestling Entertainment Inc.","$356,387.00","2009-12-07T00:00:00.000","$106,916.1","Film and Digital Media Production Tax Credit","CGS 12-217jj","Stamford"
"World Wrestling Entertainment, Inc.","$8,588,082.00","2009-12-07T00:00:00.000","$2,576,424.6","Film and Digital Media Production Tax Credit","CGS 12-217jj","Stamford"
"World Wrestling Entertainment, Inc.","$219,570.00","2009-12-07T00:00:00.000","$65,871","Film and Digital Media Production Tax Credit","CGS 12-217jj","Stamford"
"Revelation Films LLC","$66,150.00","2009-12-30T00:00:00.000","$19,845","Film and Digital Media Production Tax Credit","CGS 12-217jj","Stamford"
"DS Production, LLC","$1,015,885.00","2012-09-12T00:00:00.000","$304,766","Film and Digital Media Production Tax Credit","CGS 12-217jj","Salisbury"
"EF Productions, Inc.","$2,392,943.00","2010-01-06T00:00:00.000","$717,883","Film and Digital Media Production Tax Credit","CGS 12-217jj","Stamford"
"AGT Productions, LLC","$693,890.00","2010-01-14T00:00:00.000","$208,167","Film and Digital Media Production Tax Credit","CGS 12-217jj","Stamford"
"Tibernia Productions, Inc.","$2,647,009.00","2010-01-14T00:00:00.000","$794,103","Film and Digital Media Production Tax Credit","CGS 12-217jj","Greenwich"
"Venan Entertainment, Inc.","$739,300.00","2010-01-19T00:00:00.000","$221,790","Film and Digital Media Production Tax Credit","CGS 12-217jj","Cromwell"
"World Wrestling Entertainment, Inc.","$25,313,556.00","2010-02-01T00:00:00.000","$5,062,711","Film Infrastructure Tax Credit","CGS 12-217kk","Stamford"
"345 Ely, LLC","$6,723,934.00","2010-02-10T00:00:00.000","$1,344,787","Film Infrastructure Tax Credit","CGS 12-217kk","Norwalk"
"Lucky Cricket Productions, LLC","$5,124,766.00","2010-02-16T00:00:00.000","$1,537,430","Film and Digital Media Production Tax Credit","CGS 12-217jj","Stamford"
"LifeMed Media Inc.","$1,373,495.00","2010-02-17T00:00:00.000","$412,049","Film and Digital Media Production Tax Credit","CGS 12-217jj","Westport"
"Rhino FX-CT, LLC","$151,954.00","2010-02-17T00:00:00.000","$45,586","Film and Digital Media Production Tax Credit","CGS 12-217jj","Stamford"
"The Brand Gallery","$193,604.00","2010-02-19T00:00:00.000","$29,041","Film Infrastructure Tax Credit","CGS 12-217kk","Greenwich"
"Dark Sky Productions, LLC","$550,630.00","2010-02-23T00:00:00.000","$165,189","Film and Digital Media Production Tax Credit","CGS 12-217jj","Torrington"
"Coral Beach Films, Inc.","$3,153,083.00","2010-03-15T00:00:00.000","$945,925","Film and Digital Media Production Tax Credit","CGS 12-217jj","New Milford"
"Blue Sky Studios, Inc.","$24,731,235.00","2010-03-26T00:00:00.000","$7,419,371","Digital Animation Production Company Tax Credit","CGS 12-217ll","Greenwich"
"Ginkgo Leaf Productions, Inc.","$470,125.00","2010-04-05T00:00:00.000","$141,038","Film and Digital Media Production Tax Credit","CGS 12-217jj","Norwalk"
"SimonPure Productions LLC","$54,089.00","2009-10-06T00:00:00.000","$16,226.7","Film and Digital Media Production Tax Credit","CGS 12-217jj","East Haddam"
"SimonPure Productions LLC","$81,392.00","2010-01-05T00:00:00.000","$24,418","Film and Digital Media Production Tax Credit","CGS 12-217jj","East Haddam"
"Fake LLC","$296,965.00","2010-04-19T00:00:00.000","$89,090","Film and Digital Media Production Tax Credit","CGS 12-217jj","New Britain"
"MRB Productions, Inc.","$189,569.00","2010-04-19T00:00:00.000","$56,871","Film and Digital Media Production Tax Credit","CGS 12-217jj","Plainville"
"Cotreat Productions, Inc.","$197,397.00","2010-04-23T00:00:00.000","$59,219","Film and Digital Media Production Tax Credit","CGS 12-217jj","Sharon"
"Hope's Messengers, LLC","$344,388.00","2010-05-03T00:00:00.000","$103,316","Film and Digital Media Production Tax Credit","CGS 12-217jj","Norwalk"
"National Media Connection LLC","$201,639.00","2010-05-04T00:00:00.000","$60,492","Film and Digital Media Production Tax Credit","CGS 12-217jj","New London"
"Sortasoft, LLC","$71,164.00","2010-05-04T00:00:00.000","$21,349","Film and Digital Media Production Tax Credit","CGS 12-217jj","Stamford"
"Light Switch, Inc.","$154,274.00","2010-05-11T00:00:00.000","$46,282","Film and Digital Media Production Tax Credit","CGS 12-217jj","Milford"
"Colony Video 2015 Productions","$187,220.00","2016-11-10T00:00:00.000","$18,722","Film and Digital Media Production Tax Credit","CGS 12-217jj","Stonington"
"Venan Entertainment, Inc.","$186,447.00","2010-05-11T00:00:00.000","$55,934","Film and Digital Media Production Tax Credit","CGS 12-217jj","Cromwell"
"CFC Stillwater, LLC","$11,236,612.00","2010-06-17T00:00:00.000","$2,247,322","Film Infrastructure Tax Credit","CGS 12-217kk","Stamford"
"LifeMed Media Inc.","$2,003,848.00","2010-06-17T00:00:00.000","$601,154","Film and Digital Media Production Tax Credit","CGS 12-217jj","Westport"
"ESPN/Starwave Partners G.P.","$18,867,756.00","2010-07-09T00:00:00.000","$5,660,327","Film and Digital Media Production Tax Credit","CGS 12-217jj","Bristol"
"Royal Oak Films, Inc.","$290,789.00","2010-07-20T00:00:00.000","$87,237","Film and Digital Media Production Tax Credit","CGS 12-217jj","Stamford"
"Ron Hazelton Productions,Inc.","$1,329,351.00","2010-07-21T00:00:00.000","$398,805","Film and Digital Media Production Tax Credit","CGS 12-217jj","Fairfield"
"NBC Olympics, Inc.","$1,592,425.00","2010-07-30T00:00:00.000","$477,728","Film and Digital Media Production Tax Credit","CGS 12-217jj","Stamford"
"NBC Sports Ventures Inc.","$2,788,678.00","2010-07-30T00:00:00.000","$836,603","Film and Digital Media Production Tax Credit","CGS 12-217jj","Stamford"
"Triple Threat Connecticut LLC","$466,369.00","2010-08-13T00:00:00.000","$139,911","Film and Digital Media Production Tax Credit","CGS 12-217jj","Stamford"
"WOOPs. LLC","$3,772,397.00","2010-08-30T00:00:00.000","$1,131,719","Film and Digital Media Production Tax Credit","CGS 12-217jj","Norwalk"
"Blue Sky Studios, Inc.","$28,932,241.00","2010-09-16T00:00:00.000","$7,580,629","Digital Animation Production Company Tax Credit","CGS 12-217ll","Greenwich"
"Budderfly Three, LLC","$114,024.00","2010-09-20T00:00:00.000","$34,207","Film and Digital Media Production Tax Credit","CGS 12-217jj","Milford"
"MessyHouse Moving Pictures","$143,998.00","2010-09-22T00:00:00.000","$43,199","Film and Digital Media Production Tax Credit","CGS 12-217jj","Greenwich"
"Synthetic Cinema International, LLC","$180,910.00","2010-09-22T00:00:00.000","$54,273","Film and Digital Media Production Tax Credit","CGS 12-217jj","Rocky Hill"
"Synthetic Cinema International, LLC","$127,842.00","2010-09-22T00:00:00.000","$38,353","Film and Digital Media Production Tax Credit","CGS 12-217jj","Rocky Hill"
"Georgetown Editing Studio LLC","$344,690.00","2010-09-29T00:00:00.000","$103,407","Film and Digital Media Production Tax Credit","CGS 12-217jj","Weston"
"World Wrestling Entertainment Inc.","$16,265,498.00","2010-09-30T00:00:00.000","$4,879,649","Film and Digital Media Production Tax Credit","CGS 12-217jj","Stamford"
"World Wrestling Entertainment, Inc.","$7,647,076.00","2010-09-30T00:00:00.000","$2,294,123","Film and Digital Media Production Tax Credit","CGS 12-217jj","Stamford"
"Kevin Productions, Inc.","$5,332,853.00","2010-10-12T00:00:00.000","$1,599,856","Film and Digital Media Production Tax Credit","CGS 12-217jj","Stamford"
"1080 Inc.","$95,819.00","2010-10-13T00:00:00.000","$28,746","Film and Digital Media Production Tax Credit","CGS 12-217jj","Hartford"
"AWTY Productions","$5,967,720.00","2010-10-28T00:00:00.000","$1,790,316","Film and Digital Media Production Tax Credit","CGS 12-217jj","Stamford"
"Serial Buddies, LLC","$156,812.00","2010-10-28T00:00:00.000","$47,044","Film and Digital Media Production Tax Credit","CGS 12-217jj","Stamford"
"Concentric Entertainment, LLC","$680,985.00","2010-11-01T00:00:00.000","$204,296","Film and Digital Media Production Tax Credit","CGS 12-217jj","Norwalk"
"Concentric Entertainment, LLC","$415,208.00","2010-11-01T00:00:00.000","$124,562","Film and Digital Media Production Tax Credit","CGS 12-217jj","Norwalk"
"Concentric Entertainment, LLC","$364,023.00","2010-11-01T00:00:00.000","$109,207","Film and Digital Media Production Tax Credit","CGS 12-217jj","Norwalk"
"Lock and Key Productions","$15,015,641.00","2010-11-03T00:00:00.000","$4,504,692","Film and Digital Media Production Tax Credit","CGS 12-217jj","Waterford"
"ESPN/Starwave Partners G.P.","$36,044,738.00","2010-11-04T00:00:00.000","$10,813,421","Film and Digital Media Production Tax Credit","CGS 12-217jj","Bristol"
"The Green The Movie Production, LLC","$353,060.00","2011-01-13T00:00:00.000","$35,306","Film and Digital Media Production Tax Credit","CGS 12-217jj","Guilford"
"Remote Broadcasting, Inc.","$21,154,467.00","2011-01-25T00:00:00.000","$6,346,340","Film and Digital Media Production Tax Credit","CGS 12-217jj","Stamford"
"Venan Entertainment, Inc.","$1,371,140.00","2011-02-04T00:00:00.000","$411,342","Film and Digital Media Production Tax Credit","CGS 12-217jj","Cromwell"
"LifeMed Media Inc.","$1,527,415.00","2011-02-09T00:00:00.000","$458,225","Film and Digital Media Production Tax Credit","CGS 12-217jj","Westport"
"Ginkgo Leaf Productions, Inc.","$385,530.00","2011-02-25T00:00:00.000","$38,553","Film and Digital Media Production Tax Credit","CGS 12-217jj","Norwalk"
"Locomotive Distribution, Inc.","$1,060,483.00","2011-03-07T00:00:00.000","$318,145","Film and Digital Media Production Tax Credit","CGS 12-217jj","Ledyard"
"3 Week LLC","$436,388.00","2011-03-17T00:00:00.000","$130,916","Film and Digital Media Production Tax Credit","CGS 12-217jj","Norwalk"
"GMEM Enterprises, LLC","$1,143,312.00","2011-03-17T00:00:00.000","$342,994","Film and Digital Media Production Tax Credit","CGS 12-217jj","New Haven"
"ESPN/Starwave Partners G.P.","$9,127,300.00","2011-03-22T00:00:00.000","$2,738,190","Film and Digital Media Production Tax Credit","CGS 12-217jj","Bristol"
"Blue Sky Studios, Inc.","$30,926,754.00","2011-03-24T00:00:00.000","$9,278,026","Digital Animation Production Company Tax Credit","CGS 12-217ll","Greenwich"
"AWTY Productions","$12,102,715.00","2011-04-19T00:00:00.000","$3,630,815","Film and Digital Media Production Tax Credit","CGS 12-217jj","Stamford"
"Cable ReadyProductions, Inc.","$1,034,155.00","2011-04-25T00:00:00.000","$310,247","Film and Digital Media Production Tax Credit","CGS 12-217jj","Norwalk"
"LifeMed Media Inc.","$2,399,584.00","2011-05-06T00:00:00.000","$719,875","Film and Digital Media Production Tax Credit","CGS 12-217jj","Westport"
"National Media Connection","$380,658.00","2011-06-28T00:00:00.000","$38,066","Film and Digital Media Production Tax Credit","CGS 12-217jj","New London"
"AWTY Productions","$9,911,692.00","2011-07-21T00:00:00.000","$2,973,508","Film and Digital Media Production Tax Credit","CGS 12-217jj","Stamford"
"NBC Olympics, Inc.","$1,500,192.00","2011-08-08T00:00:00.000","$450,058","Film and Digital Media Production Tax Credit","CGS 12-217jj","Stamford"
"NBC Sports Ventures Inc.","$2,650,625.00","2011-08-08T00:00:00.000","$795,186","Film and Digital Media Production Tax Credit","CGS 12-217jj","Stamford"
"Triple Threat Connecticut LLC","$1,107,708.00","2011-08-10T00:00:00.000","$332,312","Film and Digital Media Production Tax Credit","CGS 12-217jj","Stamford"
"Mako Games LLC","$593,380.00","2011-08-15T00:00:00.000","$89,007","Film and Digital Media Production Tax Credit","CGS 12-217jj","Stamford"
"World Wrestling Entertainment Inc.","$17,466,471.00","2011-08-19T00:00:00.000","$5,239,941","Film and Digital Media Production Tax Credit","CGS 12-217jj","Stamford"
"World Wrestling Entertainment, Inc.","$6,787,739.00","2011-08-19T00:00:00.000","$2,036,322","Film and Digital Media Production Tax Credit","CGS 12-217jj","Stamford"
"ESPN, Inc. Bldg. C","$33,426,976.00","2011-09-22T00:00:00.000","$6,685,395","Film Infrastructure Tax Credit","CGS 12-217kk","Bristol"
"Blue Sky Studios, Inc.","$32,600,177.00","2011-09-26T00:00:00.000","$5,721,974","Digital Animation Production Company Tax Credit","CGS 12-217ll","Greenwich"
"The Brand Gallery, LLC","$881,784.00","2011-09-30T00:00:00.000","$132,268","Film and Digital Media Production Tax Credit","CGS 12-217jj","Greenwich"
"Synthetic Cinema International LLC","$213,576.00","2011-10-26T00:00:00.000","$64,073","Film and Digital Media Production Tax Credit","CGS 12-217jj","Rocky Hill"
"AWTY Productions","$9,497,662.00","2011-11-02T00:00:00.000","$2,849,299","Film and Digital Media Production Tax Credit","CGS 12-217jj","Stamford"
"Peeples Productions, Inc.","$9,501,602.00","2011-11-16T00:00:00.000","$2,850,481","Film and Digital Media Production Tax Credit","CGS 12-217jj","Greenwich"
"Colony Video 2016 Productions","$222,416.00","2018-02-02T00:00:00.000","$22,242","Film and Digital Media Production Tax Credit","CGS 12-217jj","Stonington"
"Heartless Productions, LLC","$1,211,579.00","2011-12-09T00:00:00.000","$363,474","Film and Digital Media Production Tax Credit","CGS 12-217jj","Greenwich"
"MBZ LLC","$2,921,969.00","2011-12-14T00:00:00.000","$876,591","Film and Digital Media Production Tax Credit","CGS 12-217jj","Bridgeport"
"ESPN/Starwave Partners G.P.","$44,792,024.00","2011-12-15T00:00:00.000","$13,437,607","Film and Digital Media Production Tax Credit","CGS 12-217jj","Bristol"
"Hello I Must Be Going  Productions LLC","$375,819.00","2012-01-05T00:00:00.000","$37,582","Film and Digital Media Production Tax Credit","CGS 12-217jj","Westport"
"GHS Productions, LLC","$31,298,545.00","2012-01-17T00:00:00.000","$9,389,564","Film and Digital Media Production Tax Credit","CGS 12-217jj","Norwalk"
"Wedding Productions, Inc.","$27,783,584.00","2012-01-20T00:00:00.000","$8,335,075","Film and Digital Media Production Tax Credit","CGS 12-217jj","Greenwich"
"Venan Entertainment, Inc.","$1,383,853.00","2012-02-10T00:00:00.000","$415,156","Film and Digital Media Production Tax Credit","CGS 12-217jj","Cromwell"
"AWTY Productions","$9,377,727.00","2012-02-22T00:00:00.000","$2,813,318","Film and Digital Media Production Tax Credit","CGS 12-217jj","Stamford"
"ESPN/Starwave Partners G.P.","$8,495,221.00","2012-02-23T00:00:00.000","$2,548,566","Film and Digital Media Production Tax Credit","CGS 12-217jj","Bristol"
"LifeMed Media Inc.","$1,391,436.00","2012-02-23T00:00:00.000","$417,431","Film and Digital Media Production Tax Credit","CGS 12-217jj","Westport"
"Blue Sky Studios, Inc.","$7,803,086.00","2012-03-06T00:00:00.000","$1,570,618","Film Infrastructure Tax Credit","CGS 12-217kk","Greenwich"
"Concentric Entertainment, LLC","$1,478,441.00","2012-03-06T00:00:00.000","$443,532","Film and Digital Media Production Tax Credit","CGS 12-217jj","Norwalk"
"The Brand Gallery, LLC","$520,599.00","2012-03-26T00:00:00.000","$78,090","Film and Digital Media Production Tax Credit","CGS 12-217jj","Greenwich"
"Blue Sky Studios, Inc.","$34,343,856.00","2012-03-29T00:00:00.000","$10,303,157","Digital Animation Production Company Tax Credit","CGS 12-217ll","Greenwich"
"Stamford Media Center Productions, LLC","$29,684,866.00","2012-04-11T00:00:00.000","$8,905,460","Film and Digital Media Production Tax Credit","CGS 12-217jj","Stamford"
"Stamford Media Center Productions, LLC","$18,108,810.00","2012-04-11T00:00:00.000","$5,432,643","Film and Digital Media Production Tax Credit","CGS 12-217jj","Stamford"
"Stamford Media Center Productions, LLC","$9,390,821.00","2012-04-11T00:00:00.000","$2,817,246","Film and Digital Media Production Tax Credit","CGS 12-217jj","Stamford"
"Young American Heroes, LLC","$1,596,555.00","2012-04-12T00:00:00.000","$478,967","Film and Digital Media Production Tax Credit","CGS 12-217jj","Norwalk"
"ESPN Enterprises, Inc.","$5,964,327.00","2012-04-18T00:00:00.000","$1,789,298","Film and Digital Media Production Tax Credit","CGS 12-217jj","Bristol"
"ESPN Internet Ventures","$30,345,835.00","2012-04-18T00:00:00.000","$9,103,751","Film and Digital Media Production Tax Credit","CGS 12-217jj","Bristol"
"Lighthouse Lane Films LLC","$340,869.00","2012-05-01T00:00:00.000","$102,261","Film and Digital Media Production Tax Credit","CGS 12-217jj","Greenwich"
"The Brand Gallery","$3,298,184.00","2012-05-02T00:00:00.000","$659,637","Film Infrastructure Tax Credit","CGS 12-217kk","Greenwich"
"Remote Broadcasting, Inc.","$25,389,055.00","2012-05-07T00:00:00.000","$7,616,717","Film and Digital Media Production Tax Credit","CGS 12-217jj","Stamford"
"Bret Stern Productions, LLC","$1,092,202.00","2012-05-10T00:00:00.000","$327,661","Film and Digital Media Production Tax Credit","CGS 12-217jj","Norwalk"
"LifeMed Media Inc.","$2,724,895.00","2012-05-10T00:00:00.000","$817,469","Film and Digital Media Production Tax Credit","CGS 12-217jj","Westport"
"MRB Productions, Inc.","$199,429.00","2012-06-21T00:00:00.000","$19,943","Film and Digital Media Production Tax Credit","CGS 12-217jj","Hartford"
"NBC Olympics, Inc.","$1,255,583.00","2012-06-25T00:00:00.000","$376,675","Film and Digital Media Production Tax Credit","CGS 12-217jj","Stamford"
"NBC Sports Ventures Inc.","$3,167,254.00","2012-06-25T00:00:00.000","$950,176","Film and Digital Media Production Tax Credit","CGS 12-217jj","Stamford"
"AWTY Productions","$12,502,173.00","2012-07-10T00:00:00.000","$3,750,652","Film and Digital Media Production Tax Credit","CGS 12-217jj","Stamford"
"Captured Time Productions, LLC","$438,138.00","2012-07-20T00:00:00.000","$131,441","Film and Digital Media Production Tax Credit","CGS 12-217jj","Litchfield"
"Synthetic Cinema International LLC","$628,847.00","2012-07-20T00:00:00.000","$188,654","Film and Digital Media Production Tax Credit","CGS 12-217jj","Rocky Hill"
"Triple Threat Connecticut, LLC","$1,216,470.00","2012-08-17T00:00:00.000","$364,941","Film and Digital Media Production Tax Credit","CGS 12-217jj","Stamford"
"Colony Video 2018 Productions","$250,414.00","2022-09-16T00:00:00.000","$25,041","Film and Digital Media Production Tax Credit","CGS 12-217jj","Stonington"
"Bald Diner, LLC","$2,789,179.00","2012-09-19T00:00:00.000","$836,754","Film and Digital Media Production Tax Credit","CGS 12-217jj","West Hartford"
"World Wrestling Entertainment Inc.","$18,425,120.00","2012-09-25T00:00:00.000","$5,527,536","Film and Digital Media Production Tax Credit","CGS 12-217jj","Stamford"
"World Wrestling Entertainment, Inc.","$6,693,139.00","2012-09-25T00:00:00.000","$2,007,942","Film and Digital Media Production Tax Credit","CGS 12-217jj","Stamford"
"Blue Sky Studios, Inc.","$37,278,261.00","2012-09-28T00:00:00.000","$4,696,843","Digital Animation Production Company Tax Credit","CGS 12-217ll","Greenwich"
"Viola and Piano, LLC","$1,302,222.00","2012-10-31T00:00:00.000","$390,667","Film and Digital Media Production Tax Credit","CGS 12-217jj","Salisbury"
"National Media Connection LLC","$177,179.00","2012-11-09T00:00:00.000","$17,718","Film and Digital Media Production Tax Credit","CGS 12-217jj","New London"
"Bob's Discount Furniture LLC","$418,132.00","2012-11-28T00:00:00.000","$125,440","Film and Digital Media Production Tax Credit","CGS 12-217jj","Manchester"
"Freeplay Labs LLC","$279,702.00","2012-12-06T00:00:00.000","$27,970","Film and Digital Media Production Tax Credit","CGS 12-217jj","Stamford"
"Alive and Kicking, Inc.","$1,346,987.00","2012-12-11T00:00:00.000","$404,096","Film and Digital Media Production Tax Credit","CGS 12-217jj","Stamford"
"Dreadful, LLC","$1,598,993.00","2013-02-15T00:00:00.000","$479,698","Film and Digital Media Production Tax Credit","CGS 12-217jj","Norwalk"
"Telemark Films, LLC","$339,021.00","2009-06-19T00:00:00.000","$101,706.66","Film and Digital Media Production Tax Credit","CGS 12-217jj","Groton"
"Remote Broadcasting, Inc.","$18,013,939.00","2013-02-27T00:00:00.000","$5,404,182","Film and Digital Media Production Tax Credit","CGS 12-217jj","Stamford"
"Budderfly Two, LLC","$1,261,408.00","2013-03-11T00:00:00.000","$378,422","Film and Digital Media Production Tax Credit","CGS 12-217jj","Shelton"
"Blue Sky Studios, Inc.","$42,931,166.00","2013-03-28T00:00:00.000","$12,879,350","Digital Animation Production Company Tax Credit","CGS 12-217ll","Greenwich"
"The Brand Gallery","$385,634.00","2013-03-28T00:00:00.000","$77,127","Film Infrastructure Tax Credit","CGS 12-217kk","Greenwich"
"LifeMed Media Inc.","$1,064,200.00","2013-04-08T00:00:00.000","$319,260","Film and Digital Media Production Tax Credit","CGS 12-217jj","Westport"
"Venan Entertainment, Inc.","$691,972.00","2013-04-08T00:00:00.000","$103,796","Film and Digital Media Production Tax Credit","CGS 12-217jj","Cromwell"
"ESPN Enterprises, Inc.","$5,202,877.00","2013-04-15T00:00:00.000","$1,560,863","Film and Digital Media Production Tax Credit","CGS 12-217jj","Bristol"
"ESPN Internet Ventures","$32,447,818.00","2013-04-15T00:00:00.000","$9,734,345","Film and Digital Media Production Tax Credit","CGS 12-217jj","Bristol"
"Handmade TV, LLC","$1,429,677.00","2013-05-02T00:00:00.000","$428,903","Film and Digital Media Production Tax Credit","CGS 12-217jj","Norwalk"
"LG Productions, LLC","$1,796,437.00","2013-05-02T00:00:00.000","$538,931","Film and Digital Media Production Tax Credit","CGS 12-217jj","Norwalk"
"Roger Wilco Productions, LLC","$86,635.00","2013-05-13T00:00:00.000","$25,991","Film and Digital Media Production Tax Credit","CGS 12-217jj","New Canaan"
"SeeClickFix, Inc.","$1,206,328.00","2013-05-13T00:00:00.000","$361,898","Film and Digital Media Production Tax Credit","CGS 12-217jj","New Haven"
"SFOS Productions, LLC","$1,106,939.00","2013-06-20T00:00:00.000","$332,082","Film and Digital Media Production Tax Credit","CGS 12-217jj","Norwalk"
"Concentric Entertainment, LLC","$1,051,653.00","2013-07-12T00:00:00.000","$315,496","Film and Digital Media Production Tax Credit","CGS 12-217jj","Norwalk"
"LifeMed Media Inc.","$3,051,232.00","2013-07-12T00:00:00.000","$915,370","Film and Digital Media Production Tax Credit","CGS 12-217jj","Westport"
"Beneath, LLC","$1,440,099.00","2013-07-17T00:00:00.000","$432,030","Film and Digital Media Production Tax Credit","CGS 12-217jj","Oxford"
"Ruckus Media Group","$591,992.00","2013-07-17T00:00:00.000","$88,799","Film and Digital Media Production Tax Credit","CGS 12-217jj","Wilton"
"Young Feature Films, LLC","$269,732.00","2013-07-17T00:00:00.000","$80,920","Film and Digital Media Production Tax Credit","CGS 12-217jj","Hartford"
"Stamford Media Center Productions, LLC","$2,201,204.00","2013-07-29T00:00:00.000","$660,361","Film and Digital Media Production Tax Credit","CGS 12-217jj","Stamford"
"Stamford Media Center Productions, LLC","$411,634.00","2013-07-29T00:00:00.000","$123,490","Film and Digital Media Production Tax Credit","CGS 12-217jj","Stamford"
"Stamford Media Center Productions, LLC","$172,671.00","2013-07-29T00:00:00.000","$51,801","Film and Digital Media Production Tax Credit","CGS 12-217jj","Stamford"
"The Switch Productions, LLC","$8,869,189.00","2013-08-08T00:00:00.000","$2,660,757","Film and Digital Media Production Tax Credit","CGS 12-217jj","Stamford"
"Bret Stern Productions, LLC","$1,307,039.00","2013-08-23T00:00:00.000","$392,112","Film and Digital Media Production Tax Credit","CGS 12-217jj","Norwalk"
"The Brand Gallery, LLC","$542,834.00","2013-08-23T00:00:00.000","$81,425","Film and Digital Media Production Tax Credit","CGS 12-217jj","Greenwich"
"Stamford Media Center Productions, LLC","$26,592,494.00","2013-08-28T00:00:00.000","$7,977,748","Film and Digital Media Production Tax Credit","CGS 12-217jj","Stamford"
"Stamford Media Center Productions, LLC","$17,539,610.00","2013-08-28T00:00:00.000","$5,261,883","Film and Digital Media Production Tax Credit","CGS 12-217jj","Stamford"
"Stamford Media Center Productions, LLC","$9,230,544.00","2013-08-28T00:00:00.000","$2,769,163","Film and Digital Media Production Tax Credit","CGS 12-217jj","Stamford"
"National Media Connection LLC","$222,999.00","2013-09-06T00:00:00.000","$22,300","Film and Digital Media Production Tax Credit","CGS 12-217jj","New London"
"ESPN, Inc. DC-2 Phase 1","$72,153,302.00","2013-09-12T00:00:00.000","$14,430,660","Film Infrastructure Tax Credit","CGS 12-217kk","Bristol"
"World Wrestling Entertainment Inc.","$25,263,479.00","2013-09-12T00:00:00.000","$7,579,044","Film and Digital Media Production Tax Credit","CGS 12-217jj","Stamford"
"World Wrestling Entertainment, Inc.","$10,336,288.00","2013-09-12T00:00:00.000","$3,100,886","Film and Digital Media Production Tax Credit","CGS 12-217jj","Stamford"
"Remote Broadcasting, Inc.","$14,367,449.00","2013-09-20T00:00:00.000","$4,310,235","Film and Digital Media Production Tax Credit","CGS 12-217jj","Stamford"
"Blue Sky Studios, Inc.","$44,499,476.00","2013-09-23T00:00:00.000","$2,120,650","Digital Animation Production Company Tax Credit","CGS 12-217ll","Greenwich"
"Houses of the Holy, LLC","$1,132,429.00","2013-10-07T00:00:00.000","$339,729","Film and Digital Media Production Tax Credit","CGS 12-217jj","New Fairfield"
"Brenwood Film, LLC","$6,079,959.00","2013-10-28T00:00:00.000","$1,823,988","Film and Digital Media Production Tax Credit","CGS 12-217jj","Greenwich"
"Triple Threat Connecticut, LLC","$1,551,312.00","2013-10-28T00:00:00.000","$465,394","Film and Digital Media Production Tax Credit","CGS 12-217jj","Stamford"
"Synthetic Production, LLC","$1,073,393.00","2013-10-29T00:00:00.000","$322,018","Film and Digital Media Production Tax Credit","CGS 12-217jj","Rocky Hill"
"Ralph Edwards/Stu Billett Productions","$11,811,741.00","2013-11-13T00:00:00.000","$3,543,522","Film and Digital Media Production Tax Credit","CGS 12-217jj","Stamford"
"SeeClickFix, Inc.","$1,540,569.00","2013-12-23T00:00:00.000","$462,171","Film and Digital Media Production Tax Credit","CGS 12-217jj","New Haven"
"CFC Exit 9,LLC","$14,287,426.00","2013-12-27T00:00:00.000","$2,857,485","Film Infrastructure Tax Credit","CGS 12-217kk","Stamford"
"NBCUniversal Media, LLC","$117,727,906.00","2013-12-27T00:00:00.000","$23,545,581","Film Infrastructure Tax Credit","CGS 12-217kk","Stamford"
"Production One, Inc.","$3,367,622.00","2014-01-15T00:00:00.000","$1,010,287","Film and Digital Media Production Tax Credit","CGS 12-217jj","Guilford"
"ASIG Productions, LLC","$12,960,172.00","2014-01-17T00:00:00.000","$3,888,052","Film and Digital Media Production Tax Credit","CGS 12-217jj","Stamford"
"MRB Productions","$263,005.00","2014-01-31T00:00:00.000","$26,300","Film and Digital Media Production Tax Credit","CGS 12-217jj","Torrington"
"World Wrestling Entertainment, Inc.","$5,043,689.00","2014-02-07T00:00:00.000","$1,008,738","Film Infrastructure Tax Credit","CGS 12-217kk","Stamford"
"World Wrestling Entertainment, Inc.","$12,865,135.00","2014-02-07T00:00:00.000","$2,573,027","Film Infrastructure Tax Credit","CGS 12-217kk","Stamford"
"Ease Commercial Services, Inc.","$1,581,641.00","2014-02-20T00:00:00.000","$474,492","Film and Digital Media Production Tax Credit","CGS 12-217jj","Westport"
"NBC Olympics, LLC","$1,569,136.00","2014-02-26T00:00:00.000","$470,741","Film and Digital Media Production Tax Credit","CGS 12-217jj","Stamford"
"NBC Sports Ventures LLC","$5,919,410.00","2014-02-26T00:00:00.000","$1,775,823","Film and Digital Media Production Tax Credit","CGS 12-217jj","Stamford"
"Tantor Media, Inc.","$2,135,602.00","2014-03-10T00:00:00.000","$640,681","Film and Digital Media Production Tax Credit","CGS 12-217jj","Old Saybrook"
"Venan Entertainment, Inc.","$1,112,782.00","2014-03-21T00:00:00.000","$333,835","Film and Digital Media Production Tax Credit","CGS 12-217jj","Cromwell"
"Hedgeye Risk Management, LLC","$4,558,511.00","2014-04-04T00:00:00.000","$1,367,553","Film and Digital Media Production Tax Credit","CGS 12-217jj","Stamford"
"Handmade TV, LLC","$540,517.00","2014-04-08T00:00:00.000","$81,078","Film and Digital Media Production Tax Credit","CGS 12-217jj","Norwalk"
"Blue Sky Studios, Inc.","$47,793,745.00","2014-04-09T00:00:00.000","$14,338,124","Digital Animation Production Company Tax Credit","CGS 12-217ll","Greenwich"
"Back9Network, Inc.","$6,127,395.00","2014-05-05T00:00:00.000","$1,225,479","Film Infrastructure Tax Credit","CGS 12-217kk","Hartford"
"ESPN Enterprises, Inc.","$4,215,620.00","2014-05-06T00:00:00.000","$1,264,686","Film and Digital Media Production Tax Credit","CGS 12-217jj","Bristol"
"ESPN Internet Ventures","$34,002,943.00","2014-05-06T00:00:00.000","$10,200,883","Film and Digital Media Production Tax Credit","CGS 12-217jj","Bristol"
"Wanderlust Productions Inc","$519,908.00","2014-05-14T00:00:00.000","$77,986","Film and Digital Media Production Tax Credit","CGS 12-217jj","Stamford"
"LifeMed Media Inc.","$2,975,975.00","2014-05-20T00:00:00.000","$892,793","Film and Digital Media Production Tax Credit","CGS 12-217jj","Westport"
"Ease Commercial Services, Inc.","$1,972,973.00","2014-06-23T00:00:00.000","$591,892","Film and Digital Media Production Tax Credit","CGS 12-217jj","Westport"
"Triple Threat Connecticut, LLC","$1,717,850.00","2014-06-24T00:00:00.000","$515,355","Film and Digital Media Production Tax Credit","CGS 12-217jj","Stamford"
"Connecticut Public Broadcasting, Inc.","$1,009,839.00","2014-06-27T00:00:00.000","$302,952","Film and Digital Media Production Tax Credit","CGS 12-217jj","Hartford"
"Telemark Films, LLC","$262,662.00","2010-04-08T00:00:00.000","$78,799","Film and Digital Media Production Tax Credit","CGS 12-217jj","Groton"
"Digital Surgeons, LLC","$1,444,067.00","2014-07-10T00:00:00.000","$433,220","Film and Digital Media Production Tax Credit","CGS 12-217jj","New Haven"
"National Media Connection LLC","$367,483.00","2014-07-23T00:00:00.000","$36,748","Film and Digital Media Production Tax Credit","CGS 12-217jj","New London"
"The Brand Gallery, LLC","$525,984.00","2014-07-31T00:00:00.000","$78,898","Film and Digital Media Production Tax Credit","CGS 12-217jj","Greenwich"
"XVIVO, LLC","$1,262,512.00","2014-08-04T00:00:00.000","$378,754","Film and Digital Media Production Tax Credit","CGS 12-217jj","Wethersfield"
"Connecticut Public Broadcasting, Inc.","$1,646,536.00","2014-08-19T00:00:00.000","$493,961","Film and Digital Media Production Tax Credit","CGS 12-217jj","Hartford"
"Track180, LLC","$1,010,000.00","2014-08-22T00:00:00.000","$303,000","Film and Digital Media Production Tax Credit","CGS 12-217jj","New Haven"
"World Wrestling Entertainment Inc.","$29,427,341.00","2014-09-10T00:00:00.000","$8,828,202","Film and Digital Media Production Tax Credit","CGS 12-217jj","Stamford"
"World Wrestling Entertainment, Inc.","$10,342,049.00","2014-09-10T00:00:00.000","$3,102,615","Film and Digital Media Production Tax Credit","CGS 12-217jj","Stamford"
"Sono Studios LTD LLC","$1,340,505.00","2014-09-16T00:00:00.000","$402,152","Film and Digital Media Production Tax Credit","CGS 12-217jj","Norwalk"
"FilmOne, LLC","$2,087,946.00","2014-09-23T00:00:00.000","$626,384","Film and Digital Media Production Tax Credit","CGS 12-217jj","Rocky Hill"
"ESPN, Inc. DC-2 Phase 2","$60,693,387.00","2014-10-07T00:00:00.000","$12,138,677","Film Infrastructure Tax Credit","CGS 12-217kk","Bristol"
"Back9Network, Inc.","$4,658,120.00","2014-10-10T00:00:00.000","$1,397,436","Film and Digital Media Production Tax Credit","CGS 12-217jj","Hartford"
"Stamford Media Center Productions, LLC","$26,087,669.00","2014-11-19T00:00:00.000","$7,826,301","Film and Digital Media Production Tax Credit","CGS 12-217jj","Stamford"
"Stamford Media Center Productions, LLC","$15,770,662.00","2014-11-19T00:00:00.000","$4,731,199","Film and Digital Media Production Tax Credit","CGS 12-217jj","Stamford"
"Stamford Media Center Productions, LLC","$9,002,923.00","2014-11-19T00:00:00.000","$2,700,877","Film and Digital Media Production Tax Credit","CGS 12-217jj","Stamford"
"Explorer Films, LLC","$1,156,052.00","2014-11-20T00:00:00.000","$346,816","Film and Digital Media Production Tax Credit","CGS 12-217jj","Weston"
"Prospect Park Networks, LLC","$19,910,154.00","2014-11-28T00:00:00.000","$5,973,046","Film and Digital Media Production Tax Credit","CGS 12-217jj","Stamford"
"Sonalysts, Inc.","$2,462,650.00","2014-11-28T00:00:00.000","$738,795","Film and Digital Media Production Tax Credit","CGS 12-217jj","Waterford"
"Ralph Edwards/Stu Billett Productions","$13,652,937.00","2014-12-04T00:00:00.000","$4,095,881","Film and Digital Media Production Tax Credit","CGS 12-217jj","Stamford"
"Blue Sky Studios, Inc.","$17,999,529.00","2014-12-11T00:00:00.000","$661,876","Digital Animation Production Company Tax Credit","CGS 12-217ll","Greenwich"
"Ruckus Media Group","$372,036.00","2014-12-19T00:00:00.000","$37,204","Film and Digital Media Production Tax Credit","CGS 12-217jj","Norwalk"
"Blue Sky Studios, Inc.","$11,194,497.00","2014-12-22T00:00:00.000","$2,238,899","Film Infrastructure Tax Credit","CGS 12-217kk","Greenwich"
"Informant Media, Inc","$7,370,597.00","2014-12-23T00:00:00.000","$2,211,179","Film and Digital Media Production Tax Credit","CGS 12-217jj","Stamford"
"Chimera Productions, LLC","$1,197,041.00","2015-01-30T00:00:00.000","$359,112","Film and Digital Media Production Tax Credit","CGS 12-217jj","Norwalk"
"Hart Filled Christmas, Inc.","$1,372,886.00","2015-02-03T00:00:00.000","$411,866","Film and Digital Media Production Tax Credit","CGS 12-217jj","Bridgeport"
"Bob's Discount Furniture LLC","$1,136,340.00","2015-02-10T00:00:00.000","$340,902","Film and Digital Media Production Tax Credit","CGS 12-217jj","Manchester"
"Scarlet Sky Productions, LLC","$235,706.00","2015-02-13T00:00:00.000","$23,571","Film and Digital Media Production Tax Credit","CGS 12-217jj","Norwalk"
"SeeClickFix, Inc.","$1,893,467.00","2015-02-13T00:00:00.000","$568,040","Film and Digital Media Production Tax Credit","CGS 12-217jj","New Haven"
"CFC Stillwater, LLC","$3,973,709.00","2015-02-17T00:00:00.000","$794,742","Film Infrastructure Tax Credit","CGS 12-217kk","Stamford"
"Venan Entertainment, Inc.","$1,490,947.00","2015-02-20T00:00:00.000","$447,284","Film and Digital Media Production Tax Credit","CGS 12-217jj","Cromwell"
"Connecticut Public Broadcasting, Inc.","$4,708,965.00","2015-03-17T00:00:00.000","$941,793","Film Infrastructure Tax Credit","CGS 12-217kk","Hartford"
"Blue Sky Studios, Inc.","$27,145,966.00","2015-03-30T00:00:00.000","$8,143,790","Digital Animation Production Company Tax Credit","CGS 12-217ll","Greenwich"
"Tantor Media, Inc.","$2,692,772.00","2015-04-30T00:00:00.000","$807,772","Film and Digital Media Production Tax Credit","CGS 12-217jj","Old Saybrook"
"NBC Olympics, LLC","$2,079,590.00","2015-05-03T00:00:00.000","$623,877","Film and Digital Media Production Tax Credit","CGS 12-217jj","Stamford"
"NBC Sports Ventures LLC","$6,652,706.00","2015-05-03T00:00:00.000","$1,995,812","Film and Digital Media Production Tax Credit","CGS 12-217jj","Stamford"
"Hedgeye Risk Management, LLC","$7,228,929.00","2015-05-04T00:00:00.000","$2,168,679","Film and Digital Media Production Tax Credit","CGS 12-217jj","Stamford"
"ESPN Enterprises, Inc.","$11,879,912.00","2015-06-03T00:00:00.000","$3,563,974","Film and Digital Media Production Tax Credit","CGS 12-217jj","Bristol"
"ESPN Internet Ventures","$29,690,615.00","2015-06-03T00:00:00.000","$8,907,185","Film and Digital Media Production Tax Credit","CGS 12-217jj","Bristol"
"Triple Threat Connecticut, LLC","$2,198,533.00","2015-06-12T00:00:00.000","$659,560","Film and Digital Media Production Tax Credit","CGS 12-217jj","Stamford"
"LifeMed Media Inc.","$2,067,198.00","2015-06-23T00:00:00.000","$620,159","Film and Digital Media Production Tax Credit","CGS 12-217jj","Westport"
"National Media Connection LLC","$399,464.00","2015-06-25T00:00:00.000","$39,945","Film and Digital Media Production Tax Credit","CGS 12-217jj","New London"
"Sono Studios LTD LLC","$1,319,920.00","2015-07-17T00:00:00.000","$395,976","Film and Digital Media Production Tax Credit","CGS 12-217jj","Norwalk"
"Blue Sky Studios, Inc.","$26,121,621.00","2015-07-20T00:00:00.000","$6,856,210","Digital Animation Production Company Tax Credit","CGS 12-217ll","Greenwich"
"XVIVO, LLC","$1,169,168.00","2015-07-30T00:00:00.000","$350,750","Film and Digital Media Production Tax Credit","CGS 12-217jj","Wethersfield"
"Orange Lion Productions, LLC","$1,106,391.00","2015-08-25T00:00:00.000","$331,917","Film and Digital Media Production Tax Credit","CGS 12-217jj","Fairfield"
"FilmOne, LLC","$1,449,504.00","2015-09-17T00:00:00.000","$434,851","Film and Digital Media Production Tax Credit","CGS 12-217jj","Rocky Hill"
"Connecticut Public Broadcasting, Inc.","$2,378,613.00","2015-09-24T00:00:00.000","$713,584","Film and Digital Media Production Tax Credit","CGS 12-217jj","Hartford"
"World Wrestling Entertainment Inc.","$30,582,195.00","2015-09-29T00:00:00.000","$9,174,659","Film and Digital Media Production Tax Credit","CGS 12-217jj","Stamford"
"World Wrestling Entertainment, Inc.","$9,221,708.00","2015-09-29T00:00:00.000","$2,766,512","Film and Digital Media Production Tax Credit","CGS 12-217jj","Stamford"
"A&E Television Networks, LLC","$36,869,078.00","2015-09-30T00:00:00.000","$11,060,723","Film and Digital Media Production Tax Credit","CGS 12-217jj","Stamford"
"Telemark Films, LLC","$96,465.00","2010-04-08T00:00:00.000","$28,940","Film and Digital Media Production Tax Credit","CGS 12-217jj","Groton"
"Bob's Discount Furniture LLC","$1,581,620.00","2015-12-04T00:00:00.000","$474,486","Film and Digital Media Production Tax Credit","CGS 12-217jj","Manchester"
"FasterQuickly, LLC","$1,188,146.00","2015-12-04T00:00:00.000","$356,444","Film and Digital Media Production Tax Credit","CGS 12-217jj","Weston"
"Hedgeye Risk Management, LLC","$7,574,024.00","2015-12-08T00:00:00.000","$2,272,207","Film and Digital Media Production Tax Credit","CGS 12-217jj","Stamford"
"ESPN, Inc. DC-2 Phase 3","$69,690,312.00","2015-12-18T00:00:00.000","$13,938,062","Film Infrastructure Tax Credit","CGS 12-217kk","Bristol"
"Tantor Media, Inc.","$2,540,830.00","2015-12-18T00:00:00.000","$762,249","Film and Digital Media Production Tax Credit","CGS 12-217jj","Old Saybrook"
"Ralph Edwards/Stu Billett Productions","$13,230,630.00","2016-01-13T00:00:00.000","$3,969,189","Film and Digital Media Production Tax Credit","CGS 12-217jj","Stamford"
"Digital Surgeons, LLC","$1,638,487.00","2016-01-15T00:00:00.000","$491,546","Film and Digital Media Production Tax Credit","CGS 12-217jj","New Haven"
"NBCUniversal Media, LLC","$32,822,618.00","2016-02-11T00:00:00.000","$6,564,523.6","Film Infrastructure Tax Credit","CGS 12-217kk","Stamford"
"Venan Entertainment, Inc.","$1,367,542.00","2016-03-16T00:00:00.000","$410,263","Film and Digital Media Production Tax Credit","CGS 12-217jj","Cromwell"
"Blue Sky Studios, Inc.","$28,230,101.00","2016-03-24T00:00:00.000","$8,469,030","Digital Animation Production Company Tax Credit","CGS 12-217ll","Greenwich"
"Valleycrest Productions Ltd.","$16,998,918.00","2016-04-26T00:00:00.000","$5,099,675","Film and Digital Media Production Tax Credit","CGS 12-217jj","Stamford"
"ESPN Enterprises, Inc.","$17,497,038.00","2016-05-04T00:00:00.000","$5,249,111","Film and Digital Media Production Tax Credit","CGS 12-217jj","Bristol"
"ESPN Internet Ventures","$30,784,245.00","2016-05-04T00:00:00.000","$9,235,274","Film and Digital Media Production Tax Credit","CGS 12-217jj","Bristol"
"ESPN, Inc. DC-1 Upgrade","$4,004,808.00","2016-05-04T00:00:00.000","$800,962","Film Infrastructure Tax Credit","CGS 12-217kk","Bristol"
"HandmadeTV, LLC","$383,155.00","2016-05-20T00:00:00.000","$38,316","Film and Digital Media Production Tax Credit","CGS 12-217jj","Norwalk"
"Digital Surgeons, LLC","$2,696,194.00","2016-05-24T00:00:00.000","$808,858","Film and Digital Media Production Tax Credit","CGS 12-217jj","New Haven"
"Triple Threat Connecticut, LLC","$1,053,725.00","2016-05-26T00:00:00.000","$316,118","Film and Digital Media Production Tax Credit","CGS 12-217jj","Stamford"
"Bob's Discount Furniture LLC","$1,702,201.00","2016-06-09T00:00:00.000","$510,660","Film and Digital Media Production Tax Credit","CGS 12-217jj","Manchester"
"LifeMed Media Inc.","$1,913,615.00","2016-06-21T00:00:00.000","$574,085","Film and Digital Media Production Tax Credit","CGS 12-217jj","Wilton"
"Explorer Films, LLC","$1,354,035.00","2016-06-29T00:00:00.000","$406,211","Film and Digital Media Production Tax Credit","CGS 12-217jj","Weston"
"National Media Connection LLC","$387,475.00","2016-07-05T00:00:00.000","$38,748","Film and Digital Media Production Tax Credit","CGS 12-217jj","New London"
"Leftfield Pictures of NY LLC","$413,410.00","2016-07-06T00:00:00.000","$41,341","Film and Digital Media Production Tax Credit","CGS 12-217jj","Branford"
"A&E Television Networks, LLC","$36,356,795.00","2016-07-12T00:00:00.000","$10,907,039","Film and Digital Media Production Tax Credit","CGS 12-217jj","Stamford"
"XVIVO, LLC","$1,359,585.00","2016-07-18T00:00:00.000","$407,876","Film and Digital Media Production Tax Credit","CGS 12-217jj","Wethersfield"
"SeeClickFix, Inc.","$3,541,725.00","2016-07-20T00:00:00.000","$1,062,518","Film and Digital Media Production Tax Credit","CGS 12-217jj","New Haven"
"Sono Studios LTD LLC","$1,034,837.00","2016-08-10T00:00:00.000","$310,451","Film and Digital Media Production Tax Credit","CGS 12-217jj","Norwalk"
"Budderfly Four, LLC","$1,074,866.00","2016-08-22T00:00:00.000","$322,460","Film and Digital Media Production Tax Credit","CGS 12-217jj","Shelton"
"Blue Sky Studios, Inc.","$30,174,468.00","2016-09-01T00:00:00.000","$6,530,970","Digital Animation Production Company Tax Credit","CGS 12-217ll","Greenwich"
"Connecticut Public Broadcasting, Inc.","$2,782,490.00","2016-09-07T00:00:00.000","$834,747","Film and Digital Media Production Tax Credit","CGS 12-217jj","Hartford"
"World Wrestling Entertainment Inc.","$30,379,832.00","2016-09-16T00:00:00.000","$9,113,950","Film and Digital Media Production Tax Credit","CGS 12-217jj","Stamford"
"World Wrestling Entertainment, Inc.","$8,753,544.00","2016-09-16T00:00:00.000","$2,626,063","Film and Digital Media Production Tax Credit","CGS 12-217jj","Stamford"
"NBC Sports Network, LP","$25,311,498.00","2016-09-26T00:00:00.000","$7,593,449","Film and Digital Media Production Tax Credit","CGS 12-217jj","Stamford"
"Blue Sky Studios, Inc.","$29,627,733.00","2016-10-20T00:00:00.000","$8,888,320","Film and Digital Media Production Tax Credit","CGS 12-217jj","Greenwich"
"Ruckus Media Group","$533,140.00","2016-11-02T00:00:00.000","$79,971","Film and Digital Media Production Tax Credit","CGS 12-217jj","Norwalk"
"Telemark Films, LLC","$259,641.00","2011-11-18T00:00:00.000","$77,892","Film and Digital Media Production Tax Credit","CGS 12-217jj","Groton"
"Hedgeye Risk Management, LLC","$8,810,945.00","2016-12-14T00:00:00.000","$2,643,284","Film and Digital Media Production Tax Credit","CGS 12-217jj","Stamford"
"NBC Olympics, LLC","$2,099,591.00","2016-12-14T00:00:00.000","$629,877","Film and Digital Media Production Tax Credit","CGS 12-217jj","Stamford"
"NBC Sports Ventures LLC","$8,232,687.00","2016-12-14T00:00:00.000","$2,469,806","Film and Digital Media Production Tax Credit","CGS 12-217jj","Stamford"
"Tantor Media, Inc.","$3,415,906.00","2016-12-30T00:00:00.000","$1,024,772","Film and Digital Media Production Tax Credit","CGS 12-217jj","Old Saybrook"
"Ralph Edwards/Stu Billett Productions","$13,231,138.00","2017-01-26T00:00:00.000","$3,969,341","Film and Digital Media Production Tax Credit","CGS 12-217jj","Stamford"
"Stamford Media Center Productions, LLC","$25,240,488.00","2017-03-29T00:00:00.000","$7,572,146.4","Film and Digital Media Production Tax Credit","CGS 12-217jj","Stamford"
"Stamford Media Center Productions, LLC","$17,496,408.00","2017-03-29T00:00:00.000","$5,248,922.4","Film and Digital Media Production Tax Credit","CGS 12-217jj","Stamford"
"Stamford Media Center Productions, LLC","$10,757,151.00","2017-03-29T00:00:00.000","$3,227,145.3","Film and Digital Media Production Tax Credit","CGS 12-217jj","Stamford"
"Stamford Media Center Productions, LLC","$10,243,689.00","2017-03-29T00:00:00.000","$3,073,106.7","Film and Digital Media Production Tax Credit","CGS 12-217jj","Stamford"
"Silver Plume Productions, LLC","$209,050.00","2010-05-11T00:00:00.000","$62,715","Film and Digital Media Production Tax Credit","CGS 12-217jj","Greenwich"
"Digital Surgeons, LLC","$3,404,546.00","2017-05-01T00:00:00.000","$1,021,364","Film and Digital Media Production Tax Credit","CGS 12-217jj","New Haven"
"Bob's Discount Furniture LLC","$1,905,129.00","2017-05-02T00:00:00.000","$571,539","Film and Digital Media Production Tax Credit","CGS 12-217jj","Manchester"
"Triple Threat Connecticut, LLC","$1,144,421.00","2017-05-19T00:00:00.000","$343,326","Film and Digital Media Production Tax Credit","CGS 12-217jj","Stamford"
"Rainmaker, LLC","$1,211,082.00","2017-06-07T00:00:00.000","$363,325","Film and Digital Media Production Tax Credit","CGS 12-217jj","New Haven"
"Valleycrest Productions Ltd.","$12,433,464.00","2017-06-07T00:00:00.000","$3,730,039","Film and Digital Media Production Tax Credit","CGS 12-217jj","Stamford"
"SeeClickFix, Inc.","$3,954,125.00","2017-06-13T00:00:00.000","$1,186,238","Film and Digital Media Production Tax Credit","CGS 12-217jj","New Haven"
"The Wall Street Theater Company, Inc.","$9,587,517.00","2017-07-07T00:00:00.000","$1,917,503","Film Infrastructure Tax Credit","CGS 12-217kk","Norwalk"
"Silver Plume Productions, LLC","$723,314.00","2013-02-19T00:00:00.000","$108,497","Film and Digital Media Production Tax Credit","CGS 12-217jj","Greenwich"
"Sono Studios LTD LLC","$1,107,974.00","2017-07-21T00:00:00.000","$332,392","Film and Digital Media Production Tax Credit","CGS 12-217jj","Norwalk"
"XVIVO, LLC","$1,354,964.00","2017-07-24T00:00:00.000","$406,489","Film and Digital Media Production Tax Credit","CGS 12-217jj","Wethersfield"
"LifeMed Media Inc.","$1,440,206.00","2017-08-09T00:00:00.000","$432,062","Film and Digital Media Production Tax Credit","CGS 12-217jj","Wilton"
"Silver Plume Productions, LLC","$576,261.00","2014-07-03T00:00:00.000","$86,439","Film and Digital Media Production Tax Credit","CGS 12-217jj","Greenwich"
"National Media Connection LLC","$371,595.00","2017-08-18T00:00:00.000","$37,160","Film and Digital Media Production Tax Credit","CGS 12-217jj","New London"
"A&E Television Networks, LLC","$29,671,318.00","2017-09-13T00:00:00.000","$8,901,395","Film and Digital Media Production Tax Credit","CGS 12-217jj","Stamford"
"NBC Olympics, LLC","$2,799,350.00","2017-09-13T00:00:00.000","$839,805","Film and Digital Media Production Tax Credit","CGS 12-217jj","Stamford"
"NBC Sports Ventures LLC","$9,334,002.00","2017-09-13T00:00:00.000","$2,800,201","Film and Digital Media Production Tax Credit","CGS 12-217jj","Stamford"
"Mayor Entertainment, LLC","$1,025,538.00","2017-09-26T00:00:00.000","$307,661","Film and Digital Media Production Tax Credit","CGS 12-217jj","Bridgeport"
"World Wrestling Entertainment Inc.","$31,917,540.00","2017-09-28T00:00:00.000","$9,575,262","Film and Digital Media Production Tax Credit","CGS 12-217jj","Stamford"
"World Wrestling Entertainment, Inc.","$10,073,608.00","2017-09-28T00:00:00.000","$3,022,082","Film and Digital Media Production Tax Credit","CGS 12-217jj","Stamford"
"Connecticut Public Broadcasting, Inc.","$3,469,139.00","2017-10-10T00:00:00.000","$1,040,742","Film and Digital Media Production Tax Credit","CGS 12-217jj","Hartford"
"ESPN Enterprises, Inc.","$27,998,685.00","2017-10-31T00:00:00.000","$8,399,606","Film and Digital Media Production Tax Credit","CGS 12-217jj","Bristol"
"ESPN Internet Ventures","$31,656,801.00","2017-10-31T00:00:00.000","$9,497,040","Film and Digital Media Production Tax Credit","CGS 12-217jj","Bristol"
"Big Spoon Industries, LLC","$558,727.00","2017-11-26T00:00:00.000","$83,809","Film and Digital Media Production Tax Credit","CGS 12-217jj","Stamford"
"Blue Sky Studios, Inc.","$86,372,022.00","2017-11-30T00:00:00.000","$25,911,607","Film and Digital Media Production Tax Credit","CGS 12-217jj","Greenwich"
"NBC Olympics, LLC","$4,287,374.00","2017-12-15T00:00:00.000","$1,286,212","Film and Digital Media Production Tax Credit","CGS 12-217jj","Stamford"
"NBC Sports Ventures LLC","$11,197,367.00","2017-12-15T00:00:00.000","$3,359,210","Film and Digital Media Production Tax Credit","CGS 12-217jj","Stamford"
"Tantor Media, Inc.","$4,107,016.00","2017-12-28T00:00:00.000","$1,232,105","Film and Digital Media Production Tax Credit","CGS 12-217jj","Old Saybrook"
"NBC Sports Network, LP","$67,869,097.00","2017-12-29T00:00:00.000","$20,360,729","Film and Digital Media Production Tax Credit","CGS 12-217jj","Stamford"
"Silver Plume Productions, LLC","$626,060.00","2015-11-03T00:00:00.000","$93,909","Film and Digital Media Production Tax Credit","CGS 12-217jj","Greenwich"
"Ralph Edwards/Stu Billett Productions","$12,836,006.00","2018-02-02T00:00:00.000","$3,850,802","Film and Digital Media Production Tax Credit","CGS 12-217jj","Stamford"
"Hedgeye Risk Management, LLC","$8,499,702.00","2018-02-15T00:00:00.000","$2,549,911","Film and Digital Media Production Tax Credit","CGS 12-217jj","Stamford"
"FilmOne, LLC","$2,021,545.00","2018-02-28T00:00:00.000","$606,464","Film and Digital Media Production Tax Credit","CGS 12-217jj","Rocky Hill"
"This Old House Ventures, LLC","$3,787,162.00","2018-03-09T00:00:00.000","$1,136,149","Film and Digital Media Production Tax Credit","CGS 12-217jj","Stamford"
"Bob's Discount Furniture LLC","$2,348,578.00","2018-03-21T00:00:00.000","$704,573","Film and Digital Media Production Tax Credit","CGS 12-217jj","Manchester"
"Digital Surgeons, LLC","$3,367,706.00","2018-04-04T00:00:00.000","$1,010,312","Film and Digital Media Production Tax Credit","CGS 12-217jj","New Haven"
"LG Direct, Inc.","$2,059,059.00","2018-05-21T00:00:00.000","$617,718","Film and Digital Media Production Tax Credit","CGS 12-217jj","Stamford"
"ESPN Enterprises, Inc.","$35,307,020.00","2018-05-22T00:00:00.000","$10,592,106","Film and Digital Media Production Tax Credit","CGS 12-217jj","Bristol"
"ESPN Internet Ventures","$22,557,446.00","2018-05-22T00:00:00.000","$6,767,234","Film and Digital Media Production Tax Credit","CGS 12-217jj","Bristol"
"Zoe 7, LLC","$1,020,247.00","2018-05-23T00:00:00.000","$306,074","Film and Digital Media Production Tax Credit","CGS 12-217jj","Norwalk"
"Triple Threat Connecticut, LLC","$1,188,366.00","2018-06-28T00:00:00.000","$356,510","Film and Digital Media Production Tax Credit","CGS 12-217jj","Stamford"
"Christmas Hours, LLC","$1,402,604.00","2018-07-01T00:00:00.000","$420,781","Film and Digital Media Production Tax Credit","CGS 12-217jj","Westport"
"SeeClickFix, Inc.","$3,643,253.00","2018-07-09T00:00:00.000","$1,092,976","Film and Digital Media Production Tax Credit","CGS 12-217jj","New Haven"
"XVIVO, LLC","$1,504,977.00","2018-07-09T00:00:00.000","$451,493","Film and Digital Media Production Tax Credit","CGS 12-217jj","Wethersfield"
"The Nantucket Project, LLC","$1,510,955.00","2018-07-20T00:00:00.000","$453,287","Film and Digital Media Production Tax Credit","CGS 12-217jj","Greenwich"
"Sono Studios LTD LLC","$1,024,318.00","2018-08-08T00:00:00.000","$307,295","Film and Digital Media Production Tax Credit","CGS 12-217jj","Norwalk"
"National Media Connection LLC","$379,574.00","2018-09-04T00:00:00.000","$37,957","Film and Digital Media Production Tax Credit","CGS 12-217jj","New London"
"Stamford Media Center Productions, LLC","$29,942,900.00","2018-09-20T00:00:00.000","$8,982,870","Film and Digital Media Production Tax Credit","CGS 12-217jj","Stamford"
"Stamford Media Center Productions, LLC","$16,731,652.00","2018-09-20T00:00:00.000","$5,019,495.6","Film and Digital Media Production Tax Credit","CGS 12-217jj","Stamford"
"Stamford Media Center Productions, LLC","$12,721,169.00","2018-09-20T00:00:00.000","$3,816,350.7","Film and Digital Media Production Tax Credit","CGS 12-217jj","Stamford"
"Stamford Media Center Productions, LLC","$11,458,592.00","2018-09-20T00:00:00.000","$3,437,577.6","Film and Digital Media Production Tax Credit","CGS 12-217jj","Stamford"
"World Wrestling Entertainment Inc.","$33,043,425.00","2018-09-24T00:00:00.000","$9,913,028","Film and Digital Media Production Tax Credit","CGS 12-217jj","Stamford"
"World Wrestling Entertainment, Inc.","$11,278,143.00","2018-09-24T00:00:00.000","$3,383,443","Film and Digital Media Production Tax Credit","CGS 12-217jj","Stamford"
"NBC Sports Network, LP","$69,682,175.00","2018-09-28T00:00:00.000","$20,904,653","Film and Digital Media Production Tax Credit","CGS 12-217jj","Stamford"
"Connecticut Public Broadcasting, Inc.","$3,473,237.00","2018-10-15T00:00:00.000","$1,041,971","Film and Digital Media Production Tax Credit","CGS 12-217jj","Hartford"
"NBC Olympics, LLC","$4,424,092.00","2018-10-15T00:00:00.000","$1,327,228","Film and Digital Media Production Tax Credit","CGS 12-217jj","Stamford"
"NBC Sports Ventures LLC","$13,254,489.00","2018-10-15T00:00:00.000","$3,976,347","Film and Digital Media Production Tax Credit","CGS 12-217jj","Stamford"
"Fitscript, LLC","$1,113,388.00","2018-11-15T00:00:00.000","$334,016","Film and Digital Media Production Tax Credit","CGS 12-217jj","New Haven"
"Blue Sky Studios, Inc.","$91,903,268.00","2018-11-29T00:00:00.000","$27,570,980","Film and Digital Media Production Tax Credit","CGS 12-217jj","Greenwich"
"A&E Television Networks, LLC","$25,205,532.00","2018-12-14T00:00:00.000","$7,561,660","Film and Digital Media Production Tax Credit","CGS 12-217jj","Stamford"
"Hedgeye Risk Management, LLC","$9,015,017.00","2018-12-31T00:00:00.000","$2,704,505","Film and Digital Media Production Tax Credit","CGS 12-217jj","Stamford"
"Tantor Media, Inc.","$5,204,200.00","2018-12-31T00:00:00.000","$1,561,260","Film and Digital Media Production Tax Credit","CGS 12-217jj","Old Saybrook"
"StageOne, LLC","$1,247,695.00","2019-01-29T00:00:00.000","$374,309","Film and Digital Media Production Tax Credit","CGS 12-217jj","Rocky Hill"
"Cine Magnetics, Inc.","$4,551,828.00","2019-02-06T00:00:00.000","$1,365,548","Film and Digital Media Production Tax Credit","CGS 12-217jj","Stamford"
"Wilhelm Reich Documentary Film Project LLC","$155,047.00","2019-02-19T00:00:00.000","$15,505","Film and Digital Media Production Tax Credit","CGS 12-217jj","Glastonbury"
"Swing by Swing Golf, Inc.","$1,675,145.00","2019-02-21T00:00:00.000","$502,544","Film and Digital Media Production Tax Credit","CGS 12-217jj","Hartford"
"Hot Snakes Holdings, LLC","$2,448,384.00","2019-02-28T00:00:00.000","$734,515","Film and Digital Media Production Tax Credit","CGS 12-217jj","Stamford"
"LifeMed Media Inc.","$618,807.00","2019-03-20T00:00:00.000","$92,821","Film and Digital Media Production Tax Credit","CGS 12-217jj","Wilton"
"Ralph Edwards/Stu Billett Productions","$14,041,324.00","2019-03-20T00:00:00.000","$4,212,397","Film and Digital Media Production Tax Credit","CGS 12-217jj","Stamford"
"Digital Surgeons, LLC","$3,923,299.00","2019-04-25T00:00:00.000","$1,175,685","Film and Digital Media Production Tax Credit","CGS 12-217jj","New Haven"
"This Old House Ventures, LLC","$4,276,382.00","2019-04-29T00:00:00.000","$1,282,915","Film and Digital Media Production Tax Credit","CGS 12-217jj","Stamford"
"Stamford Media Center Productions, LLC","$30,909,190.00","2019-05-01T00:00:00.000","$9,272,757","Film and Digital Media Production Tax Credit","CGS 12-217jj","Stamford"
"Stamford Media Center Productions, LLC","$16,383,086.00","2019-05-01T00:00:00.000","$4,914,925.8","Film and Digital Media Production Tax Credit","CGS 12-217jj","Stamford"
"Stamford Media Center Productions, LLC","$13,477,870.00","2019-05-01T00:00:00.000","$4,043,361","Film and Digital Media Production Tax Credit","CGS 12-217jj","Stamford"
"World Wrestling Entertainment, Inc.","$8,262,988.00","2019-05-20T00:00:00.000","$1,652,598","Film Infrastructure Tax Credit","CGS 12-217kk","Stamford"
"Bob's Discount Furniture LLC","$2,522,788.00","2019-06-04T00:00:00.000","$756,836","Film and Digital Media Production Tax Credit","CGS 12-217jj","Manchester"
"ESPN Enterprises, Inc.","$33,004,945.00","2019-06-07T00:00:00.000","$9,901,484","Film and Digital Media Production Tax Credit","CGS 12-217jj","Bristol"
"ESPN Internet Ventures","$21,951,191.00","2019-06-07T00:00:00.000","$6,585,357","Film and Digital Media Production Tax Credit","CGS 12-217jj","Bristol"
"Reindeer Games, LLC","$1,250,989.00","2019-06-10T00:00:00.000","$375,297","Film and Digital Media Production Tax Credit","CGS 12-217jj","North Haven"
"NBCUniversal Media, LLC","$10,988,850.00","2019-06-21T00:00:00.000","$2,197,770","Film Infrastructure Tax Credit","CGS 12-217kk","Stamford"
"ITV America, Inc.","$14,021,448.00","2019-06-25T00:00:00.000","$4,206,434","Film and Digital Media Production Tax Credit","CGS 12-217jj","Stamford"
"National Media Connection LLC","$469,016.00","2019-07-15T00:00:00.000","$46,902","Film and Digital Media Production Tax Credit","CGS 12-217jj","New London"
"XVIVO, LLC","$1,629,317.00","2019-07-15T00:00:00.000","$488,795","Film and Digital Media Production Tax Credit","CGS 12-217jj","Wethersfield"
"SeeClickFix, Inc.","$3,831,017.00","2019-07-30T00:00:00.000","$1,149,305","Film and Digital Media Production Tax Credit","CGS 12-217jj","New Haven"
"The Nantucket Project, LLC","$2,675,318.00","2019-08-09T00:00:00.000","$802,595","Film and Digital Media Production Tax Credit","CGS 12-217jj","Greenwich"
"Triple Threat Connecticut, LLC","$1,060,465.00","2019-08-26T00:00:00.000","$318,140","Film and Digital Media Production Tax Credit","CGS 12-217jj","Stamford"
"World Wrestling Entertainment Inc.","$33,505,064.00","2019-09-09T00:00:00.000","$10,051,519","Film and Digital Media Production Tax Credit","CGS 12-217jj","Stamford"
"World Wrestling Entertainment, Inc.","$14,379,535.00","2019-09-09T00:00:00.000","$4,313,861","Film and Digital Media Production Tax Credit","CGS 12-217jj","Stamford"
"Silver Plume Productions, LLC","$603,087.00","2017-08-15T00:00:00.000","$90,463","Film and Digital Media Production Tax Credit","CGS 12-217jj","Greenwich"
"Fitscript, LLC","$1,125,843.00","2019-10-29T00:00:00.000","$337,753","Film and Digital Media Production Tax Credit","CGS 12-217jj","New Haven"
"Stamford Media Center Productions, LLC","$31,841,788.00","2019-11-04T00:00:00.000","$9,552,537","Film and Digital Media Production Tax Credit","CGS 12-217jj","Stamford"
"Stamford Media Center Productions, LLC","$16,297,522.00","2019-11-04T00:00:00.000","$4,889,257","Film and Digital Media Production Tax Credit","CGS 12-217jj","Stamford"
"Stamford Media Center Productions, LLC","$14,180,056.00","2019-11-04T00:00:00.000","$4,254,016","Film and Digital Media Production Tax Credit","CGS 12-217jj","Stamford"
"Stamford Media Center Productions, LLC","$6,328,487.00","2019-11-04T00:00:00.000","$1,898,546","Film and Digital Media Production Tax Credit","CGS 12-217jj","Stamford"
"The Wall Street Theater Company, Inc.","$3,196,971.00","2019-11-20T00:00:00.000","$639,394","Film Infrastructure Tax Credit","CGS 12-217kk","Norwalk"
"FilmOne, LLC","$2,402,117.00","2019-11-23T00:00:00.000","$720,635","Film and Digital Media Production Tax Credit","CGS 12-217jj","Rocky Hill"
"Christmas Hours, LLC","$1,302,462.00","2019-11-25T00:00:00.000","$390,739","Film and Digital Media Production Tax Credit","CGS 12-217jj","Westport"
"Sonalysts, Inc.","$1,037,170.00","2019-11-25T00:00:00.000","$311,151","Film and Digital Media Production Tax Credit","CGS 12-217jj","Waterford"
"Swing by Swing Golf, Inc.","$2,309,036.00","2019-12-05T00:00:00.000","$692,711","Film and Digital Media Production Tax Credit","CGS 12-217jj","Hartford"
"Connecticut Public Broadcasting, Inc.","$3,169,265.00","2019-12-10T00:00:00.000","$950,780","Film and Digital Media Production Tax Credit","CGS 12-217jj","Hartford"
"A&E Television Networks, LLC","$30,725,964.00","2019-12-16T00:00:00.000","$9,217,789","Film and Digital Media Production Tax Credit","CGS 12-217jj","Stamford"
"ESPN Internet Ventures","$7,020,924.00","2019-12-16T00:00:00.000","$2,106,277","Film and Digital Media Production Tax Credit","CGS 12-217jj","Bristol"
"Stamford Media Center Productions, LLC","$31,846,716.00","2019-12-23T00:00:00.000","$9,554,014.8","Film and Digital Media Production Tax Credit","CGS 12-217jj","Stamford"
"Stamford Media Center Productions, LLC","$15,394,040.00","2019-12-23T00:00:00.000","$4,618,212","Film and Digital Media Production Tax Credit","CGS 12-217jj","Stamford"
"Stamford Media Center Productions, LLC","$14,600,325.00","2019-12-23T00:00:00.000","$4,380,097.5","Film and Digital Media Production Tax Credit","CGS 12-217jj","Stamford"
"Hedgeye Risk Management, LLC","$8,458,589.00","2019-12-31T00:00:00.000","$2,537,577","Film and Digital Media Production Tax Credit","CGS 12-217jj","Stamford"
"Tantor Media, Inc.","$6,205,665.00","2019-12-31T00:00:00.000","$1,861,700","Film and Digital Media Production Tax Credit","CGS 12-217jj","Old Saybrook"
"Blue Sky Studios, Inc.","$106,798,984.00","2020-01-08T00:00:00.000","$32,039,695","Film and Digital Media Production Tax Credit","CGS 12-217jj","Greenwich"
"Hot Snakes Holdings, LLC","$3,078,618.00","2020-01-22T00:00:00.000","$923,585","Film and Digital Media Production Tax Credit","CGS 12-217jj","Greenwich"
"Ralph Edwards/Stu Billett Productions","$12,151,626.00","2020-03-06T00:00:00.000","$3,645,488","Film and Digital Media Production Tax Credit","CGS 12-217jj","Stamford"
"Honeysuckle Lane, LLC","$1,934,619.00","2020-03-13T00:00:00.000","$580,386","Film and Digital Media Production Tax Credit","CGS 12-217jj","Rocky Hill"
"This Old House Ventures, LLC","$4,680,528.00","2020-03-18T00:00:00.000","$1,404,158","Film and Digital Media Production Tax Credit","CGS 12-217jj","Stamford"
"Cine Magnetics, Inc.","$3,298,652.00","2020-03-25T00:00:00.000","$989,586","Film and Digital Media Production Tax Credit","CGS 12-217jj","Stamford"
"Explorer Films, LLC","$1,512,962.00","2020-03-31T00:00:00.000","$453,889","Film and Digital Media Production Tax Credit","CGS 12-217jj","Weston"
"Digital Surgeons, LLC","$4,294,385.00","2020-04-03T00:00:00.000","$1,288,316","Film and Digital Media Production Tax Credit","CGS 12-217jj","New Haven"
"Triple Threat Connecticut, LLC","$1,353,227.00","2020-04-14T00:00:00.000","$405,968","Film and Digital Media Production Tax Credit","CGS 12-217jj","Stamford"
"ESPN Internet Ventures","$23,048,116.00","2020-06-18T00:00:00.000","$6,914,435","Film and Digital Media Production Tax Credit","CGS 12-217jj","Bristol"
"ESPN Enterprises, Inc.","$29,287,832.00","2020-06-24T00:00:00.000","$8,786,350","Film and Digital Media Production Tax Credit","CGS 12-217jj","Bristol"
"Brainstorm Media CT, LLC","$1,532,438.00","2020-07-02T00:00:00.000","$459,731","Film and Digital Media Production Tax Credit","CGS 12-217jj","Rocky Hill"
"National Media Connection LLC","$515,471.00","2020-07-15T00:00:00.000","$77,321","Film and Digital Media Production Tax Credit","CGS 12-217jj","New London"
"Silver Plume Productions, LLC","$719,382.00","2020-07-15T00:00:00.000","$107,907","Film and Digital Media Production Tax Credit","CGS 12-217jj","Greenwich"
"NBC Olympics, LLC","$4,628,536.00","2020-08-04T00:00:00.000","$1,388,561","Film and Digital Media Production Tax Credit","CGS 12-217jj","Stamford"
"NBC Sports Ventures LLC","$15,033,523.00","2020-08-04T00:00:00.000","$4,510,057","Film and Digital Media Production Tax Credit","CGS 12-217jj","Stamford"
"Bob's Discount Furniture LLC","$2,872,491.00","2020-08-12T00:00:00.000","$861,747","Film and Digital Media Production Tax Credit","CGS 12-217jj","Manchester"
"NBC Sports Network, LP","$76,053,012.00","2020-08-27T00:00:00.000","$22,815,904","Film and Digital Media Production Tax Credit","CGS 12-217jj","Stamford"
"SeeClickFix, Inc.","$4,083,514.00","2020-09-03T00:00:00.000","$1,225,054","Film and Digital Media Production Tax Credit","CGS 12-217jj","New Haven"
"XVIVO, LLC","$1,705,217.00","2020-09-03T00:00:00.000","$511,565","Film and Digital Media Production Tax Credit","CGS 12-217jj","Wethersfield"
"World Wrestling Entertainment Inc.","$37,998,930.00","2020-09-30T00:00:00.000","$11,399,679","Film and Digital Media Production Tax Credit","CGS 12-217jj","Stamford"
"World Wrestling Entertainment, Inc.","$18,758,439.00","2020-09-30T00:00:00.000","$5,627,532","Film and Digital Media Production Tax Credit","CGS 12-217jj","Stamford"
"Lucky 8 TV, LLC","$2,777,280.00","2020-11-19T00:00:00.000","$833,184","Film and Digital Media Production Tax Credit","CGS 12-217jj","Stamford"
"Connecticut Public Broadcasting, Inc.","$3,281,671.00","2020-12-01T00:00:00.000","$984,501","Film and Digital Media Production Tax Credit","CGS 12-217jj","Hartford"
"A&E Television Networks, LLC","$31,268,110.00","2020-12-08T00:00:00.000","$9,380,433","Film and Digital Media Production Tax Credit","CGS 12-217jj","Stamford"
"ITV America, Inc.","$24,447,042.00","2020-12-10T00:00:00.000","$7,334,113","Film and Digital Media Production Tax Credit","CGS 12-217jj","Stamford"
"Worst Company, LLC","$1,576,612.00","2020-12-10T00:00:00.000","$472,984","Film and Digital Media Production Tax Credit","CGS 12-217jj","Monroe"
"Fitscript, LLC","$1,049,898.00","2020-12-18T00:00:00.000","$314,969","Film and Digital Media Production Tax Credit","CGS 12-217jj","New Haven"
"The Nantucket Project, LLC","$1,707,241.00","2020-12-22T00:00:00.000","$512,172","Film and Digital Media Production Tax Credit","CGS 12-217jj","Greenwich"
"Hedgeye Risk Management, LLC","$8,516,609.00","2020-12-31T00:00:00.000","$2,554,983","Film and Digital Media Production Tax Credit","CGS 12-217jj","Stamford"
"Tantor Media, Inc.","$6,432,162.00","2020-12-31T00:00:00.000","$1,929,649","Film and Digital Media Production Tax Credit","CGS 12-217jj","Old Saybrook"
"Holiday For Heroes, LLC","$1,967,581.00","2021-01-06T00:00:00.000","$590,274","Film and Digital Media Production Tax Credit","CGS 12-217jj","Rocky Hill"
"Swing by Swing Golf, Inc.","$1,996,944.00","2021-01-06T00:00:00.000","$599,083","Film and Digital Media Production Tax Credit","CGS 12-217jj","Hartford"
"Blue Sky Studios, Inc.","$108,022,690.00","2021-01-29T00:00:00.000","$32,406,807","Film and Digital Media Production Tax Credit","CGS 12-217jj","Greenwich"
"Hot Snakes Holdings, LLC","$3,791,634.00","2021-02-25T00:00:00.000","$1,137,490","Film and Digital Media Production Tax Credit","CGS 12-217jj","Greenwich"
"Ralph Edwards/Stu Billett Productions","$12,310,625.00","2021-04-14T00:00:00.000","$3,693,188","Film and Digital Media Production Tax Credit","CGS 12-217jj","Stamford"
"Cine Magnetics, Inc.","$3,235,814.00","2021-05-25T00:00:00.000","$970,744","Film and Digital Media Production Tax Credit","CGS 12-217jj","Stamford"
"This Old House Ventures, LLC","$4,710,092.00","2021-06-03T00:00:00.000","$1,413,028","Film and Digital Media Production Tax Credit","CGS 12-217jj","Stamford"
"NBC Olympics, LLC","$3,794,072.00","2021-06-09T00:00:00.000","$1,138,221","Film and Digital Media Production Tax Credit","CGS 12-217jj","Stamford"
"NBC Sports Ventures LLC","$15,199,259.00","2021-06-09T00:00:00.000","$4,559,778","Film and Digital Media Production Tax Credit","CGS 12-217jj","Stamford"
"National Media Connection LLC","$559,146.00","2021-06-30T00:00:00.000","$83,872","Film and Digital Media Production Tax Credit","CGS 12-217jj","New London"
"Stephen David Entertainment, LLC","$10,448,167.00","2021-07-16T00:00:00.000","$3,134,450","Film and Digital Media Production Tax Credit","CGS 12-217jj","Stamford"
"The Nantucket Project, LLC","$2,476,639.00","2021-07-21T00:00:00.000","$742,992","Film and Digital Media Production Tax Credit","CGS 12-217jj","Greenwich"
"Digital Surgeons, LLC","$4,099,397.00","2021-07-22T00:00:00.000","$1,229,819","Film and Digital Media Production Tax Credit","CGS 12-217jj","New Haven"
"World Wrestling Entertainment, Inc.","$24,879,550.00","2021-08-06T00:00:00.000","$4,975,910","Film Infrastructure Tax Credit","CGS 12-217kk","Stamford"
"Sono Animation Company, LLC","$1,663,707.00","2021-08-16T00:00:00.000","$499,112","Film and Digital Media Production Tax Credit","CGS 12-217jj","Norwalk"
"Wheelhouse Holdings LLC","$46,861,375.00","2021-08-24T00:00:00.000","$9,372,275","Film Infrastructure Tax Credit","CGS 12-217kk","Stamford"
"XVIVO, LLC","$1,857,803.00","2021-09-03T00:00:00.000","$557,341","Film and Digital Media Production Tax Credit","CGS 12-217jj","Wethersfield"
"World Wrestling Entertainment Inc.","$37,338,968.00","2021-09-23T00:00:00.000","$11,201,690","Film and Digital Media Production Tax Credit","CGS 12-217jj","Stamford"
"World Wrestling Entertainment, Inc.","$13,008,757.00","2021-09-23T00:00:00.000","$3,902,627","Film and Digital Media Production Tax Credit","CGS 12-217jj","Stamford"
"Blue Sky Studios, Inc.","$58,980,644.00","2021-10-01T00:00:00.000","$17,694,193","Film and Digital Media Production Tax Credit","CGS 12-217jj","Greenwich"
"SVA Productions, Inc.","$1,411,922.00","2021-10-08T00:00:00.000","$423,577","Film and Digital Media Production Tax Credit","CGS 12-217jj","Cromwell"
"Lucky 8 TV, LLC","$4,448,416.00","2021-10-21T00:00:00.000","$1,334,525","Film and Digital Media Production Tax Credit","CGS 12-217jj","Stamford"
"Connecticut Public Broadcasting, Inc.","$3,332,148.00","2021-10-28T00:00:00.000","$999,644","Film and Digital Media Production Tax Credit","CGS 12-217jj","Hartford"
"Lucky 8 TV, LLC","$6,823,116.00","2021-12-23T00:00:00.000","$2,046,935","Film and Digital Media Production Tax Credit","CGS 12-217jj","Stamford"
"Cine Magnetics, Inc.","$2,583,639.00","2021-12-29T00:00:00.000","$775,092","Film and Digital Media Production Tax Credit","CGS 12-217jj","Stamford"
"A&E Television Networks, LLC","$33,829,819.00","2021-12-31T00:00:00.000","$10,148,946","Film and Digital Media Production Tax Credit","CGS 12-217jj","Stamford"
"Hedgeye Risk Management, LLC","$8,670,790.00","2021-12-31T00:00:00.000","$2,601,237","Film and Digital Media Production Tax Credit","CGS 12-217jj","Stamford"
"Tantor Media, Inc.","$6,457,167.00","2021-12-31T00:00:00.000","$1,937,150","Film and Digital Media Production Tax Credit","CGS 12-217jj","Old Saybrook"
"DBG Studios, Inc.","$1,213,928.00","2022-01-06T00:00:00.000","$364,178","Film and Digital Media Production Tax Credit","CGS 12-217jj","Norwalk"
"CivicPlus, LLC","$3,884,641.00","2022-01-13T00:00:00.000","$1,165,392","Film and Digital Media Production Tax Credit","CGS 12-217jj","New Haven"
"Stamford Media Center Productions, LLC","$30,293,180.00","2022-01-19T00:00:00.000","$9,087,954","Film and Digital Media Production Tax Credit","CGS 12-217jj","Stamford"
"Stamford Media Center Productions, LLC","$16,972,058.00","2022-01-19T00:00:00.000","$5,091,617.4","Film and Digital Media Production Tax Credit","CGS 12-217jj","Stamford"
"Stamford Media Center Productions, LLC","$14,610,142.00","2022-01-19T00:00:00.000","$4,383,042.6","Film and Digital Media Production Tax Credit","CGS 12-217jj","Stamford"
"ESPN Enterprises, Inc.","$27,713,873.00","2022-01-27T00:00:00.000","$8,314,162","Film and Digital Media Production Tax Credit","CGS 12-217jj","Bristol"
"ESPN Internet Ventures","$25,281,763.00","2022-01-27T00:00:00.000","$7,584,529","Film and Digital Media Production Tax Credit","CGS 12-217jj","Bristol"
"Swing by Swing Golf, Inc.","$2,573,487.00","2022-02-09T00:00:00.000","$772,046","Film and Digital Media Production Tax Credit","CGS 12-217jj","Hartford"
"ITV America, Inc.","$4,180,149.00","2022-02-15T00:00:00.000","$836,030","Film Infrastructure Tax Credit","CGS 12-217kk","Stamford"
"Bob's Discount Furniture LLC","$2,702,942.00","2022-02-18T00:00:00.000","$810,883","Film and Digital Media Production Tax Credit","CGS 12-217jj","Manchester"
"Triple Threat Connecticut, LLC","$1,034,275.00","2022-03-03T00:00:00.000","$310,283","Film and Digital Media Production Tax Credit","CGS 12-217jj","Stamford"
"Grey Wall Software, LLC","$4,054,549.00","2022-03-04T00:00:00.000","$1,216,365","Film and Digital Media Production Tax Credit","CGS 12-217jj","New Haven"
"ITV America, Inc.","$27,383,490.00","2022-03-24T00:00:00.000","$8,215,047","Film and Digital Media Production Tax Credit","CGS 12-217jj","Stamford"
"NBC Sports Network, LP","$72,001,289.00","2022-03-25T00:00:00.000","$21,600,387","Film and Digital Media Production Tax Credit","CGS 12-217jj","Stamford"
"Hot Snakes Holdings, LLC","$4,074,781.00","2022-04-29T00:00:00.000","$1,222,434","Film and Digital Media Production Tax Credit","CGS 12-217jj","Greenwich"
"Pep Films, LLC","$1,292,121.00","2022-05-06T00:00:00.000","$387,636","Film and Digital Media Production Tax Credit","CGS 12-217jj","Hartford"
"Park Slope Productions, Inc.","$4,444,563.00","2022-07-19T00:00:00.000","$1,333,369","Film and Digital Media Production Tax Credit","CGS 12-217jj","Stamford"
"XVIVO, LLC","$1,753,345.00","2022-07-29T00:00:00.000","$526,004","Film and Digital Media Production Tax Credit","CGS 12-217jj","Wethersfield"
"National Media Connection LLC","$501,790.00","2022-08-05T00:00:00.000","$75,269","Film and Digital Media Production Tax Credit","CGS 12-217jj","New London"
"Ralph Edwards/Stu Billett Productions","$12,529,939.00","2022-08-19T00:00:00.000","$3,758,982","Film and Digital Media Production Tax Credit","CGS 12-217jj","Stamford"
"CT The Film, Inc.","$1,131,842.00","2022-08-26T00:00:00.000","$339,553","Film and Digital Media Production Tax Credit","CGS 12-217jj","Salisbury"
"Stephen David Entertainment, LLC","$9,937,981.00.","2022-09-02T00:00:00.000","$2,981,394","Film and Digital Media Production Tax Credit","CGS 12-217jj","Stamford"
"ITV America, Inc.","$8,092,637.00","2022-09-08T00:00:00.000","$1,618,527","Film Infrastructure Tax Credit","CGS 12-217kk","Stamford"
"Cold Weather Productions, LLC","$9,482,597.00","2022-09-09T00:00:00.000","$2,844,779","Film and Digital Media Production Tax Credit","CGS 12-217jj","Stamford"
"Haloran, LLC","$432,394.00","2017-04-24T00:00:00.000","$43,239","Film and Digital Media Production Tax Credit","CGS 12-217jj","Cornwall"
"Digital Surgeons, LLC","$5,090,326.00","2022-09-16T00:00:00.000","$1,527,098","Film and Digital Media Production Tax Credit","CGS 12-217jj","New Haven"
"Soul Santa, LLC","$1,634,787.00","2022-09-23T00:00:00.000","$490,436","Film and Digital Media Production Tax Credit","CGS 12-217jj","Rocky Hill"
"World Wrestling Entertainment Inc.","$38,944,055.00","2022-09-29T00:00:00.000","$11,683,217","Film and Digital Media Production Tax Credit","CGS 12-217jj","Stamford"
"World Wrestling Entertainment, Inc.","$7,932,279.00","2022-09-29T00:00:00.000","$2,379,684","Film and Digital Media Production Tax Credit","CGS 12-217jj","Stamford"
"The Nantucket Project, LLC","$1,270,300.00","2022-10-27T00:00:00.000","$381,090","Film and Digital Media Production Tax Credit","CGS 12-217jj","Greenwich"
"Stamford Media Center Productions, LLC","$25,227,583.00","2022-11-20T00:00:00.000","$7,568,275","Film and Digital Media Production Tax Credit","CGS 12-217jj","Stamford"
"Stamford Media Center Productions, LLC","$16,015,344.00","2022-11-20T00:00:00.000","$4,804,603","Film and Digital Media Production Tax Credit","CGS 12-217jj","Stamford"
"Stamford Media Center Productions, LLC","$1,608,499.00","2022-11-20T00:00:00.000","$482,550","Film and Digital Media Production Tax Credit","CGS 12-217jj","Stamford"
"Stamford Media Center Productions, LLC","$7,070,770.00","2022-11-20T00:00:00.000","$2,121,231","Film and Digital Media Production Tax Credit","CGS 12-217jj","Stamford"
"Bob's Discount Furniture LLC","$2,316,083.00","2022-11-21T00:00:00.000","$694,825","Film and Digital Media Production Tax Credit","CGS 12-217jj","Manchester"
"Connecticut Public Broadcasting, Inc.","$4,675,026.00","2022-12-09T00:00:00.000","$1,402,508","Film and Digital Media Production Tax Credit","CGS 12-217jj","Hartford"
"ESPN Enterprises, Inc.","$60,994,993.00","2022-12-15T00:00:00.000","$18,298,498","Film and Digital Media Production Tax Credit","CGS 12-217jj","Bristol"
"Sono Animation Company, LLC","$1,128,281.00","2022-12-16T00:00:00.000","$338,484","Film and Digital Media Production Tax Credit","CGS 12-217jj","Norwalk"
"A&E Television Networks, LLC","$33,971,486.00","2022-12-30T00:00:00.000","$10,148,946","Film and Digital Media Production Tax Credit","CGS 12-217jj","Stamford"
"Hedgeye Risk Management, LLC","$10,074,256.00","2022-12-31T00:00:00.000","$3,022,277","Film and Digital Media Production Tax Credit","CGS 12-217jj","Stamford"
"Tantor Media, Inc.","$6,665,644.00","2022-12-31T00:00:00.000","$1,999,693","Film and Digital Media Production Tax Credit","CGS 12-217jj","Old Saybrook"
"Royal Productions, LLC","$2,363,147.00","2023-01-11T00:00:00.000","$708,944","Film and Digital Media Production Tax Credit","CGS 12-217jj","Rocky Hill"
"Lucky 8 TV, LLC","$7,995,782.00","2023-01-27T00:00:00.000","$2,398,735","Film and Digital Media Production Tax Credit","CGS 12-217jj","Stamford"
"Swing by Swing Golf, Inc.","$3,006,766.00","2023-02-02T00:00:00.000","$902,030","Film and Digital Media Production Tax Credit","CGS 12-217jj","Hartford"
"Merry Ex-Mas LLC","$1,259,063.00","2023-02-24T00:00:00.000","$377,718","Film and Digital Media Production Tax Credit","CGS 12-217jj","Cromwell"
"Stage 29 Productions, LLC","$3,547,619.00","2023-02-24T00:00:00.000","$1,064,286","Film and Digital Media Production Tax Credit","CGS 12-217jj","Stamford"
"Cine Magnetics, Inc.","$3,344,804.00","2023-03-17T00:00:00.000","$1,003,441","Film and Digital Media Production Tax Credit","CGS 12-217jj","Stamford"
"Christmas Fix, LLC","$1,732,800.00.","2023-04-23T00:00:00.000","$519,840","Film and Digital Media Production Tax Credit","CGS 12-217jj","Rocky Hill"
"NBC Olympics, LLC","$3,184,783.00","2023-05-23T00:00:00.000","$955,435","Film and Digital Media Production Tax Credit","CGS 12-217jj","Stamford"
"NBC Sports Ventures LLC","$13,884,173.00","2023-05-23T00:00:00.000","$4,165,252","Film and Digital Media Production Tax Credit","CGS 12-217jj","Stamford"
"NBCUniversal Media, LLC","$35,154,175.00","2023-05-23T00:00:00.000","$7,030,835","Film Infrastructure Tax Credit","CGS 12-217kk","Stamford"
"CivicPlus, LLC","$2,772,650.00","2023-06-08T00:00:00.000","$831,795","Film and Digital Media Production Tax Credit","CGS 12-217jj","New Haven"
"ITV America, Inc.","$29,811,594.00","2023-06-08T00:00:00.000","$8,943,478","Film and Digital Media Production Tax Credit","CGS 12-217jj","Stamford"
"Newsub 120 Productions, Inc.","$17,378,805.00","2023-06-08T00:00:00.000","$5,213,642","Film and Digital Media Production Tax Credit","CGS 12-217jj","Stamford"
"Sand Dollar Productions, LLC","$2,148,446.00","2023-06-16T00:00:00.000","$644,534","Film and Digital Media Production Tax Credit","CGS 12-217jj","Rocky Hill"
"This Old House Ventures, LLC","$5,029,765.00","2023-07-18T00:00:00.000","$1,508,930","Film and Digital Media Production Tax Credit","CGS 12-217jj","Stamford"
"XVIVO, LLC","$1,608,282.00","2023-07-27T00:00:00.000","$482,485","Film and Digital Media Production Tax Credit","CGS 12-217jj","Wethersfield"
"Hot Snakes Holdings, LLC","$4,407,816.00","2023-08-01T00:00:00.000","$1,322,345","Film and Digital Media Production Tax Credit","CGS 12-217jj","Greenwich"
"Stephen David Entertainment, LLC","$10,242,189.00","2023-08-10T00:00:00.000","$3,072,657","Film and Digital Media Production Tax Credit","CGS 12-217jj","Stamford"
"National Media Connection LLC","$505,604.00","2023-08-17T00:00:00.000","$75,841","Film and Digital Media Production Tax Credit","CGS 12-217jj","New London"
"Ralph Edwards/Stu Billett Productions","$12,096,293.00","2023-08-25T00:00:00.000","$3,628,888","Film and Digital Media Production Tax Credit","CGS 12-217jj","Stamford"
"Triple Threat Connecticut, LLC","$1,405,489.00","2023-09-06T00:00:00.000","$421,647","Film and Digital Media Production Tax Credit","CGS 12-217jj","Stamford"
"World Wrestling Entertainment Inc.","$42,296,820.00","2023-09-06T00:00:00.000","$12,689,046","Film and Digital Media Production Tax Credit","CGS 12-217jj","Stamford"
"World Wrestling Entertainment, Inc.","$7,899,499.00","2023-09-06T00:00:00.000","$2,369,850","Film and Digital Media Production Tax Credit","CGS 12-217jj","Stamford"
"Digital Surgeons, LLC","$5,418,010.00","2023-09-14T00:00:00.000","$1,625,403","Film and Digital Media Production Tax Credit","CGS 12-217jj","New Haven"
"Full Frontal, LLC","$6,813,202.00","2023-09-21T00:00:00.000","$2,043,961","Film and Digital Media Production Tax Credit","CGS 12-217jj","Norwalk"
"NBC Sports Network, LP","$89,068,730.00","2023-09-28T00:00:00.000","$26,720,619","Film and Digital Media Production Tax Credit","CGS 12-217jj","Stamford"
"Good Nurse Productions, LLC","$29,891,978.00","2023-09-29T00:00:00.000","$8,967,593","Film and Digital Media Production Tax Credit","CGS 12-217jj","Stamford"
"Big Pond Films, LLC","$1,177,865.00","2023-10-06T00:00:00.000","$353,360","Film and Digital Media Production Tax Credit","CGS 12-217jj","Norwich"
"Peacock TV, LLC","$11,116,003.00","2023-11-17T00:00:00.000","$3,334,801","Film and Digital Media Production Tax Credit","CGS 12-217jj","Stamford"
"Skydance Animation East, LLC","$9,376,049.00","2023-11-21T00:00:00.000","$2,812,815","Film and Digital Media Production Tax Credit","CGS 12-217jj","Stamford"
"Park Slope Productions, Inc.","$3,271,639.00","2023-12-01T00:00:00.000","$981,492","Film and Digital Media Production Tax Credit","CGS 12-217jj","Stamford"
"ESPN Enterprises, Inc.","$51,267,229.00","2023-12-08T00:00:00.000","$15,380,169","Film and Digital Media Production Tax Credit","CGS 12-217jj","Bristol"
"My Old House LLC","$2,947,718.00","2023-12-19T00:00:00.000","$884,315","Film and Digital Media Production Tax Credit","CGS 12-217jj","Danbury"
"A&E Television Networks, LLC","$21,011,383.00","2023-12-31T00:00:00.000","$6,303,415","Film and Digital Media Production Tax Credit","CGS 12-217jj","Stamford"
"Hedgeye Risk Management, LLC","$11,002,163.00","2023-12-31T00:00:00.000","$3,300,649","Film and Digital Media Production Tax Credit","CGS 12-217jj","Stamford"
"Bob's Discount Furniture LLC","$2,624,928.00","2024-01-17T00:00:00.000","$787,478","Film and Digital Media Production Tax Credit","CGS 12-217jj","Manchester"
"Stamford Media Center Productions, LLC","$25,339,251.00","2024-01-22T00:00:00.000","$7,601,775","Film and Digital Media Production Tax Credit","CGS 12-217jj","Stamford"
"Stamford Media Center Productions, LLC","$16,190,107.00","2024-01-22T00:00:00.000","$4,857,032","Film and Digital Media Production Tax Credit","CGS 12-217jj","Stamford"
"Stamford Media Center Productions, LLC","$1,021,398.00","2024-01-22T00:00:00.000","$306,419","Film and Digital Media Production Tax Credit","CGS 12-217jj","Stamford"
"Stamford Media Center Productions, LLC","$6,663,112.00","2024-01-22T00:00:00.000","$1,998,934","Film and Digital Media Production Tax Credit","CGS 12-217jj","Stamford"
"Captured Time Productions, LLC","$2,479,990.00","2024-01-25T00:00:00.000","$743,997","Film and Digital Media Production Tax Credit","CGS 12-217jj","Litchfield"
"Full Frontal, LLC","$26,958,287.00","2024-02-02T00:00:00.000","$8,087,486","Film and Digital Media Production Tax Credit","CGS 12-217jj","Norwalk"
"Connecticut Public Broadcasting, Inc.","$4,451,853.00","2024-02-09T00:00:00.000","$1,335,556","Film and Digital Media Production Tax Credit","CGS 12-217jj","Hartford"
"Swing by Swing Golf, Inc.","$2,426,125.00","2024-02-23T00:00:00.000","$727,838","Film and Digital Media Production Tax Credit","CGS 12-217jj","Hartford"
"Cine Magnetics, Inc.","$4,343,087.00","2024-02-29T00:00:00.000","$1,302,926","Film and Digital Media Production Tax Credit","CGS 12-217jj","Stamford"
"Banshee The Film, Inc.","$6,680,077.00","2024-03-08T00:00:00.000","$2,004,023","Film and Digital Media Production Tax Credit","CGS 12-217jj","Bloomfield"
"Stephen David Entertainment, LLC","$9,174,284.00","2024-03-08T00:00:00.000","$2,752,285","Film and Digital Media Production Tax Credit","CGS 12-217jj","Stamford"
"NBC Sports Network, LP","$77,925,905.00","2024-03-21T00:00:00.000","$23,377,772","Film and Digital Media Production Tax Credit","CGS 12-217jj","Stamford"
"First Alternative Productions, LLC","$4,484,948.00","2024-03-27T00:00:00.000","$1,345,484","Film and Digital Media Production Tax Credit","CGS 12-217jj","Stamford"
"Lucky 8 TV, LLC","$10,484,124.00","2024-03-27T00:00:00.000","$3,145,237","Film and Digital Media Production Tax Credit","CGS 12-217jj","Stamford"
"Vintage Park, Inc.","$7,993,450.00","2024-03-27T00:00:00.000","$2,398,035","Film and Digital Media Production Tax Credit","CGS 12-217jj","Hartford"
"Sliding Into Home, LLC","$2,454,981.00","2024-04-11T00:00:00.000","$736,494","Film and Digital Media Production Tax Credit","CGS 12-217jj","Rocky Hill"
"Tantor Media, Inc.","$6,945,732.00","2024-04-11T00:00:00.000","$2,083,720","Film and Digital Media Production Tax Credit","CGS 12-217jj","Old Saybrook"
"Wheelhouse Holdings, LLC","$6,569,404.00","2024-05-02T00:00:00.000","$1,970,821","Film and Digital Media Production Tax Credit","CGS 12-217jj","Stamford"
"Full Frontal, LLC","$16,549,580.00","2024-06-14T00:00:00.000","$4,964,874","Film and Digital Media Production Tax Credit","CGS 12-217jj","Norwalk"
"Northern Entertainment Production, LLC","$1,205,133.00","2024-06-28T00:00:00.000","$361,540","Film and Digital Media Production Tax Credit","CGS 12-217jj","Ledyard"
"NBC Sports Network, LP","$73,043,886.00","2024-07-05T00:00:00.000","$21,913,166","Film and Digital Media Production Tax Credit","CGS 12-217jj","Stamford"
"Johnson Production Group, Connecticut, Inc.","$11,188,306.00","2024-07-11T00:00:00.000","$3,356,492","Film and Digital Media Production Tax Credit","CGS 12-217jj","Westport"
"Mama Bear The Film, Inc.","$3,308,576.00","2024-07-25T00:00:00.000","$992,573","Film and Digital Media Production Tax Credit","CGS 12-217jj","Middletown"
"StageOne Productions, LLC","$1,016,125.00","2024-07-25T00:00:00.000","$304,838","Film and Digital Media Production Tax Credit","CGS 12-217jj","Rocky Hill"
"World Wrestling Entertainment, Inc.","$63,252,698.00","2024-07-31T00:00:00.000","$12,650,539","Film Infrastructure Tax Credit","CGS 12-217kk","Stamford"
"Digital Surgeons, LLC","$4,182,931.00","2024-08-07T00:00:00.000","$1,254,879","Film and Digital Media Production Tax Credit","CGS 12-217jj","New Haven"
"ITV America, Inc.","$31,142,311.00","2024-08-07T00:00:00.000","$9,342,693","Film and Digital Media Production Tax Credit","CGS 12-217jj","Stamford"
"StageOne, LLC","$1,434,803.00","2024-08-09T00:00:00.000","$430,441","Film and Digital Media Production Tax Credit","CGS 12-217jj","Rocky Hill"
"Fog of War The Film, Inc.","$3,133,626.00","2024-08-28T00:00:00.000","$940,088","Film and Digital Media Production Tax Credit","CGS 12-217jj","Ledyard"
"HomeField US, Inc","$1,200,834.00","2024-08-28T00:00:00.000","$360,250","Film and Digital Media Production Tax Credit","CGS 12-217jj","Greenwich"
"TPC Productions CT, Inc.","$1,178,661.00","2024-09-05T00:00:00.000","$353,598","Film and Digital Media Production Tax Credit","CGS 12-217jj","Stamford"
"World Wrestling Entertainment, Inc.","$7,000,918.00","2024-09-05T00:00:00.000","$2,100,275","Film and Digital Media Production Tax Credit","CGS 12-217jj","Stamford"
"XVIVO, LLC","$1,669,484.00","2024-09-27T00:00:00.000","$500,845","Film and Digital Media Production Tax Credit","CGS 12-217jj","Wethersfield"
"BH Phone Company","$34,545,061.00","2024-10-03T00:00:00.000","$10,363,518","Film and Digital Media Production Tax Credit","CGS 12-217jj","Norwalk"
"National Media Connection LLC","$502,186.00","2024-10-09T00:00:00.000","$75,328","Film and Digital Media Production Tax Credit","CGS 12-217jj","New London"
"Christmas Always, LLC","$3,865,005.00","2024-10-22T00:00:00.000","$1,159,502","Film and Digital Media Production Tax Credit","CGS 12-217jj","Rocky Hill"
"Park Slope Productions, Inc.","$1,797,500.00","2024-10-22T00:00:00.000","$539,250","Film and Digital Media Production Tax Credit","CGS 12-217jj","Stamford"
"Plywood Pictures LLC","$2,388,371.00","2024-10-25T00:00:00.000","$716,511","Film and Digital Media Production Tax Credit","CGS 12-217jj","Guilford"
"World Wrestling Entertainment Inc.","$44,988,325.00","2024-09-05T00:00:00.000","$13,496,498","Film and Digital Media Production Tax Credit","CGS 12-217jj","Stamford"
